<i> [webpack-dev-middleware] wait until bundle finished
<s> [webpack.Progress] 3% setup watch run
<s> [webpack.Progress] 3% setup watch run VirtualModulesPlugin
<s> [webpack.Progress] 3% setup watch run webpack-dev-middleware
<s> [webpack.Progress] 3% setup watch run
<s> [webpack.Progress] 4% setup normal module factory
<s> [webpack.Progress] 4% setup normal module factory CaseSensitivePathsPlugin
<s> [webpack.Progress] 4% setup normal module factory
<s> [webpack.Progress] 5% setup context module factory
<s> [webpack.Progress] 5% setup context module factory
<s> [webpack.Progress] 6% setup before compile
<s> [webpack.Progress] 6% setup before compile ProgressPlugin
<s> [webpack.Progress] 6% setup before compile ProgressPlugin
<s> [webpack.Progress] 6% setup before compile
<s> [webpack.Progress] 7% setup compile
<s> [webpack.Progress] 7% setup compile ExternalsPlugin
<s> [webpack.Progress] 7% setup compile ExternalsPlugin
<s> [webpack.Progress] 7% setup compile
<s> [webpack.Progress] 8% setup compilation
<s> [webpack.Progress] 8% setup compilation HtmlWebpackPlugin
<s> [webpack.Progress] 8% setup compilation unplugin-csf
<s> [webpack.Progress] 8% setup compilation ArrayPushCallbackChunkFormatPlugin
<s> [webpack.Progress] 8% setup compilation JsonpChunkLoadingPlugin
<s> [webpack.Progress] 8% setup compilation StartupChunkDependenciesPlugin
<s> [webpack.Progress] 8% setup compilation ImportScriptsChunkLoadingPlugin
<s> [webpack.Progress] 8% setup compilation WorkerPlugin
<s> [webpack.Progress] 8% setup compilation SplitChunksPlugin
<s> [webpack.Progress] 8% setup compilation RuntimeChunkPlugin
<s> [webpack.Progress] 8% setup compilation ResolverCachePlugin
<s> [webpack.Progress] 8% setup compilation
<s> [webpack.Progress] 9% setup compilation
<s> [webpack.Progress] 9% setup compilation DefinePlugin
<s> [webpack.Progress] 9% setup compilation ProvidePlugin
<s> [webpack.Progress] 9% setup compilation HotModuleReplacementPlugin
<s> [webpack.Progress] 9% setup compilation ProgressPlugin
<s> [webpack.Progress] 9% setup compilation vue-loader-plugin
<s> [webpack.Progress] 9% setup compilation DefinePlugin
<s> [webpack.Progress] 9% setup compilation ExternalsPlugin
<s> [webpack.Progress] 9% setup compilation ExternalsPlugin
<s> [webpack.Progress] 9% setup compilation ChunkPrefetchPreloadPlugin
<s> [webpack.Progress] 9% setup compilation ModuleInfoHeaderPlugin
<s> [webpack.Progress] 9% setup compilation SourceMapDevToolPlugin
<s> [webpack.Progress] 9% setup compilation JavascriptModulesPlugin
<s> [webpack.Progress] 9% setup compilation JsonModulesPlugin
<s> [webpack.Progress] 9% setup compilation AssetModulesPlugin
<s> [webpack.Progress] 9% setup compilation EntryPlugin
<s> [webpack.Progress] 9% setup compilation EntryPlugin
<s> [webpack.Progress] 9% setup compilation RuntimePlugin
<s> [webpack.Progress] 9% setup compilation InferAsyncModulesPlugin
<s> [webpack.Progress] 9% setup compilation DataUriPlugin
<s> [webpack.Progress] 9% setup compilation FileUriPlugin
<s> [webpack.Progress] 9% setup compilation CompatibilityPlugin
<s> [webpack.Progress] 9% setup compilation HarmonyModulesPlugin
<s> [webpack.Progress] 9% setup compilation AMDPlugin
<s> [webpack.Progress] 9% setup compilation RequireJsStuffPlugin
<s> [webpack.Progress] 9% setup compilation CommonJsPlugin
<s> [webpack.Progress] 9% setup compilation LoaderPlugin
<s> [webpack.Progress] 9% setup compilation LoaderPlugin
<s> [webpack.Progress] 9% setup compilation NodeStuffPlugin
<s> [webpack.Progress] 9% setup compilation APIPlugin
<s> [webpack.Progress] 9% setup compilation ExportsInfoApiPlugin
<s> [webpack.Progress] 9% setup compilation WebpackIsIncludedPlugin
<s> [webpack.Progress] 9% setup compilation ConstPlugin
<s> [webpack.Progress] 9% setup compilation UseStrictPlugin
<s> [webpack.Progress] 9% setup compilation RequireIncludePlugin
<s> [webpack.Progress] 9% setup compilation RequireEnsurePlugin
<s> [webpack.Progress] 9% setup compilation RequireContextPlugin
<s> [webpack.Progress] 9% setup compilation ImportPlugin
<s> [webpack.Progress] 9% setup compilation ImportMetaContextPlugin
<s> [webpack.Progress] 9% setup compilation SystemPlugin
<s> [webpack.Progress] 9% setup compilation ImportMetaPlugin
<s> [webpack.Progress] 9% setup compilation URLPlugin
<s> [webpack.Progress] 9% setup compilation DefaultStatsFactoryPlugin
<s> [webpack.Progress] 9% setup compilation DefaultStatsPresetPlugin
<s> [webpack.Progress] 9% setup compilation DefaultStatsPrinterPlugin
<s> [webpack.Progress] 9% setup compilation JavascriptMetaInfoPlugin
<s> [webpack.Progress] 9% setup compilation EnsureChunkConditionsPlugin
<s> [webpack.Progress] 9% setup compilation RemoveEmptyChunksPlugin
<s> [webpack.Progress] 9% setup compilation MergeDuplicateChunksPlugin
<s> [webpack.Progress] 9% setup compilation SideEffectsFlagPlugin
<s> [webpack.Progress] 9% setup compilation FlagDependencyExportsPlugin
<s> [webpack.Progress] 9% setup compilation NamedModuleIdsPlugin
<s> [webpack.Progress] 9% setup compilation NamedChunkIdsPlugin
<s> [webpack.Progress] 9% setup compilation DefinePlugin
<s> [webpack.Progress] 9% setup compilation TemplatedPathPlugin
<s> [webpack.Progress] 9% setup compilation RecordIdsPlugin
<s> [webpack.Progress] 9% setup compilation WarnCaseSensitiveModulesPlugin
<s> [webpack.Progress] 9% setup compilation IgnoreWarningsPlugin
<s> [webpack.Progress] 9% setup compilation ProgressPlugin
<s> [webpack.Progress] 9% setup compilation
<s> [webpack.Progress] 10% building
<s> [webpack.Progress] 10% building 0/1 entries 0/0 dependencies 0/0 modules
<s> [webpack.Progress] 37% building 1/2 entries 93/101 dependencies 31/52 modules
<s> [webpack.Progress] 37% building import loader ../../../node_modules/@storybook/addon-essentials/node_modules/@storybook/addon-docs/node_modules/@storybook/csf-plugin/dist/webpack-loader.js
<s> [webpack.Progress] 37% building import loader ../../../node_modules/@storybook/vue3-webpack5/node_modules/@storybook/builder-webpack5/dist/loaders/export-order-loader.js
<s> [webpack.Progress] 37% building import loader ../../../node_modules/ts-loader/index.js
<s> [webpack.Progress] 37% building 1/2 entries 225/253 dependencies 39/125 modules
<s> [webpack.Progress] 37% building 1/2 entries 235/254 dependencies 40/135 modules
<s> [webpack.Progress] 37% building 1/2 entries 263/300 dependencies 55/141 modules
<s> [webpack.Progress] 37% building import loader ../../../node_modules/vue-docgen-loader/lib/index.js
<s> [webpack.Progress] 37% building import loader ../../../node_modules/vue-loader/dist/index.js
<s> [webpack.Progress] 37% building 1/2 entries 456/493 dependencies 57/212 modules
<s> [webpack.Progress] 37% building 1/2 entries 494/600 dependencies 69/214 modules
<s> [webpack.Progress] 37% building import loader ../../../node_modules/vue-loader/dist/pitcher.js
<s> [webpack.Progress] 37% building 1/2 entries 665/757 dependencies 69/302 modules
<s> [webpack.Progress] 37% building import loader ../../../node_modules/vue-loader/dist/templateLoader.js
<s> [webpack.Progress] 37% building 1/2 entries 665/757 dependencies 69/302 modules
<s> [webpack.Progress] 37% building 1/2 entries 889/900 dependencies 73/474 modules
<s> [webpack.Progress] 37% building import loader ../../../node_modules/style-loader/dist/cjs.js
<s> [webpack.Progress] 37% building import loader ../../../node_modules/css-loader/dist/cjs.js
<s> [webpack.Progress] 37% building import loader ../../../node_modules/sass-loader/dist/cjs.js
<s> [webpack.Progress] 37% building 1/2 entries 1355/1386 dependencies 254/602 modules
<s> [webpack.Progress] 37% building import loader ../../../node_modules/vue-loader/dist/stylePostLoader.js
<s> [webpack.Progress] 37% building 1/2 entries 1882/1955 dependencies 259/690 modules
<s> [webpack.Progress] 37% building import loader ../../../node_modules/@storybook/vue3-webpack5/node_modules/@storybook/builder-webpack5/node_modules/style-loader/dist/cjs.js
<s> [webpack.Progress] 37% building import loader ../../../node_modules/@storybook/vue3-webpack5/node_modules/@storybook/builder-webpack5/node_modules/css-loader/dist/cjs.js
<s> [webpack.Progress] 37% building 1/2 entries 2032/2036 dependencies 277/780 modules
<s> [webpack.Progress] 37% building import loader ../../../node_modules/vue-svg-loader/index.js
<s> [webpack.Progress] 37% building 1/2 entries 2032/2036 dependencies 277/780 modules
<s> [webpack.Progress] 37% building 1/2 entries 2112/2200 dependencies 277/828 modules
<s> [webpack.Progress] 37% building 1/2 entries 2455/2500 dependencies 335/903 modules
<s> [webpack.Progress] 45% building 1/2 entries 3241/3300 dependencies 1065/1358 modules
<s> [webpack.Progress] 65% building 2/2 entries 3507/3507 dependencies 1437/1437 modules
<s> [webpack.Progress] 65% building
<s> [webpack.Progress] 69% building finish
<s> [webpack.Progress] 69% building finish
<s> [webpack.Progress] 70% sealing finish module graph
<s> [webpack.Progress] 70% sealing finish module graph ResolverCachePlugin
<s> [webpack.Progress] 70% sealing finish module graph InferAsyncModulesPlugin
<s> [webpack.Progress] 70% sealing finish module graph FlagDependencyExportsPlugin
<s> [webpack.Progress] 70% sealing finish module graph
<s> [webpack.Progress] 70% sealing plugins
<s> [webpack.Progress] 70% sealing plugins WarnCaseSensitiveModulesPlugin
<s> [webpack.Progress] 70% sealing plugins
<s> [webpack.Progress] 71% sealing dependencies optimization
<s> [webpack.Progress] 71% sealing dependencies optimization SideEffectsFlagPlugin
<s> [webpack.Progress] 71% sealing dependencies optimization
<s> [webpack.Progress] 71% sealing after dependencies optimization
<s> [webpack.Progress] 71% sealing after dependencies optimization
<s> [webpack.Progress] 72% sealing chunk graph
<s> [webpack.Progress] 72% sealing chunk graph
<s> [webpack.Progress] 73% sealing after chunk graph
<s> [webpack.Progress] 73% sealing after chunk graph
<s> [webpack.Progress] 73% sealing optimizing
<s> [webpack.Progress] 73% sealing optimizing
<s> [webpack.Progress] 74% sealing module optimization
<s> [webpack.Progress] 74% sealing module optimization
<s> [webpack.Progress] 75% sealing after module optimization
<s> [webpack.Progress] 75% sealing after module optimization
<s> [webpack.Progress] 75% sealing chunk optimization
<s> [webpack.Progress] 75% sealing chunk optimization EnsureChunkConditionsPlugin
<s> [webpack.Progress] 75% sealing chunk optimization RemoveEmptyChunksPlugin
<s> [webpack.Progress] 75% sealing chunk optimization MergeDuplicateChunksPlugin
<s> [webpack.Progress] 75% sealing chunk optimization SplitChunksPlugin
<s> [webpack.Progress] 75% sealing chunk optimization RemoveEmptyChunksPlugin
<s> [webpack.Progress] 75% sealing chunk optimization
<s> [webpack.Progress] 76% sealing after chunk optimization
<s> [webpack.Progress] 76% sealing after chunk optimization
<s> [webpack.Progress] 77% sealing module and chunk tree optimization
<s> [webpack.Progress] 77% sealing module and chunk tree optimization PersistentChildCompilerSingletonPlugin
<s> [webpack.Progress] 77% sealing module and chunk tree optimization
<s> [webpack.Progress] 77% sealing after module and chunk tree optimization
<s> [webpack.Progress] 77% sealing after module and chunk tree optimization
<s> [webpack.Progress] 78% sealing chunk modules optimization
<s> [webpack.Progress] 78% sealing chunk modules optimization
<s> [webpack.Progress] 78% sealing after chunk modules optimization
<s> [webpack.Progress] 78% sealing after chunk modules optimization
<s> [webpack.Progress] 79% sealing module reviving
<s> [webpack.Progress] 79% sealing module reviving RecordIdsPlugin
<s> [webpack.Progress] 79% sealing module reviving
<s> [webpack.Progress] 80% sealing before module ids
<s> [webpack.Progress] 80% sealing before module ids
<s> [webpack.Progress] 80% sealing module ids
<s> [webpack.Progress] 80% sealing module ids NamedModuleIdsPlugin
<s> [webpack.Progress] 80% sealing module ids
<s> [webpack.Progress] 81% sealing module id optimization
<s> [webpack.Progress] 81% sealing module id optimization
<s> [webpack.Progress] 82% sealing module id optimization
<s> [webpack.Progress] 82% sealing module id optimization
<s> [webpack.Progress] 82% sealing chunk reviving
<s> [webpack.Progress] 82% sealing chunk reviving RecordIdsPlugin
<s> [webpack.Progress] 82% sealing chunk reviving
<s> [webpack.Progress] 83% sealing before chunk ids
<s> [webpack.Progress] 83% sealing before chunk ids
<s> [webpack.Progress] 84% sealing chunk ids
<s> [webpack.Progress] 84% sealing chunk ids NamedChunkIdsPlugin
<s> [webpack.Progress] 84% sealing chunk ids
<s> [webpack.Progress] 84% sealing chunk id optimization
<s> [webpack.Progress] 84% sealing chunk id optimization
<s> [webpack.Progress] 85% sealing after chunk id optimization
<s> [webpack.Progress] 85% sealing after chunk id optimization
<s> [webpack.Progress] 86% sealing record modules
<s> [webpack.Progress] 86% sealing record modules RecordIdsPlugin
<s> [webpack.Progress] 86% sealing record modules
<s> [webpack.Progress] 86% sealing record chunks
<s> [webpack.Progress] 86% sealing record chunks RecordIdsPlugin
<s> [webpack.Progress] 86% sealing record chunks
<s> [webpack.Progress] 87% sealing module hashing
<s> [webpack.Progress] 87% sealing module hashing
<s> [webpack.Progress] 87% sealing code generation
<s> [webpack.Progress] 87% sealing code generation
<s> [webpack.Progress] 88% sealing runtime requirements
<s> [webpack.Progress] 88% sealing runtime requirements
<s> [webpack.Progress] 89% sealing hashing
<s> [webpack.Progress] 89% sealing hashing
<s> [webpack.Progress] 89% sealing after hashing
<s> [webpack.Progress] 89% sealing after hashing
<s> [webpack.Progress] 90% sealing record hash
<s> [webpack.Progress] 90% sealing record hash
<s> [webpack.Progress] 91% sealing module assets processing
<s> [webpack.Progress] 91% sealing module assets processing
<s> [webpack.Progress] 91% sealing chunk assets processing
<s> [webpack.Progress] 91% sealing chunk assets processing
<s> [webpack.Progress] 92% sealing asset processing
<s> [webpack.Progress] 92% sealing asset processing HotModuleReplacementPlugin
<s> [webpack.Progress] 92% sealing asset processing PersistentChildCompilerSingletonPlugin
<s> [webpack.Progress] 92% sealing asset processing SourceMapDevToolPlugin
<s> [webpack.Progress] 92% sealing asset processing HtmlWebpackPlugin
<s> [webpack.Progress] 92% sealing asset processing
<s> [webpack.Progress] 93% sealing after asset optimization
<s> [webpack.Progress] 93% sealing after asset optimization
<s> [webpack.Progress] 93% sealing recording
<s> [webpack.Progress] 93% sealing recording HotModuleReplacementPlugin
<s> [webpack.Progress] 93% sealing recording
<s> [webpack.Progress] 94% sealing after seal
<s> [webpack.Progress] 94% sealing after seal
<s> [webpack.Progress] 95% emitting emit
<s> [webpack.Progress] 95% emitting emit DevMiddleware
<s> [webpack.Progress] 95% emitting emit
<s> [webpack.Progress] 98% emitting after emit
<s> [webpack.Progress] 98% emitting after emit SizeLimitsPlugin
<s> [webpack.Progress] 98% emitting after emit
<s> [webpack.Progress] 99% done plugins
<s> [webpack.Progress] 99% done plugins CaseSensitivePathsPlugin
<s> [webpack.Progress] 99% done plugins webpack-dev-middleware
<s> [webpack.Progress] 99% done plugins webpack-hot-middleware
<s> [webpack.Progress] 99% done plugins
<s> [webpack.Progress] 99% 

<s> [webpack.Progress] 99% cache store build dependencies
<s> [webpack.Progress] 99% cache store build dependencies
<s> [webpack.Progress] 99% cache begin idle
<s> [webpack.Progress] 99% cache begin idle
<s> [webpack.Progress] 100% 

<s> [webpack.Progress] 0% 

<s> [webpack.Progress] 1% cache end idle
<s> [webpack.Progress] 1% cache end idle
<s> [webpack.Progress] 3% setup watch run
<s> [webpack.Progress] 3% setup watch run VirtualModulesPlugin
<s> [webpack.Progress] 3% setup watch run webpack-dev-middleware
<s> [webpack.Progress] 3% setup watch run
<s> [webpack.Progress] 4% setup normal module factory
<s> [webpack.Progress] 4% setup normal module factory CaseSensitivePathsPlugin
<s> [webpack.Progress] 4% setup normal module factory
<s> [webpack.Progress] 5% setup context module factory
<s> [webpack.Progress] 5% setup context module factory
<s> [webpack.Progress] 6% setup before compile
<s> [webpack.Progress] 6% setup before compile ProgressPlugin
<s> [webpack.Progress] 6% setup before compile ProgressPlugin
<s> [webpack.Progress] 6% setup before compile
<s> [webpack.Progress] 7% setup compile
<s> [webpack.Progress] 7% setup compile ExternalsPlugin
<s> [webpack.Progress] 7% setup compile ExternalsPlugin
<s> [webpack.Progress] 7% setup compile
<s> [webpack.Progress] 8% setup compilation
<s> [webpack.Progress] 8% setup compilation HtmlWebpackPlugin
<s> [webpack.Progress] 8% setup compilation unplugin-csf
<s> [webpack.Progress] 8% setup compilation ArrayPushCallbackChunkFormatPlugin
<s> [webpack.Progress] 8% setup compilation JsonpChunkLoadingPlugin
<s> [webpack.Progress] 8% setup compilation StartupChunkDependenciesPlugin
<s> [webpack.Progress] 8% setup compilation ImportScriptsChunkLoadingPlugin
<s> [webpack.Progress] 8% setup compilation WorkerPlugin
<s> [webpack.Progress] 8% setup compilation SplitChunksPlugin
<s> [webpack.Progress] 8% setup compilation RuntimeChunkPlugin
<s> [webpack.Progress] 8% setup compilation ResolverCachePlugin
<s> [webpack.Progress] 8% setup compilation
<s> [webpack.Progress] 9% setup compilation
<s> [webpack.Progress] 9% setup compilation DefinePlugin
<s> [webpack.Progress] 9% setup compilation ProvidePlugin
<s> [webpack.Progress] 9% setup compilation HotModuleReplacementPlugin
<s> [webpack.Progress] 9% setup compilation ProgressPlugin
<s> [webpack.Progress] 9% setup compilation vue-loader-plugin
<s> [webpack.Progress] 9% setup compilation DefinePlugin
<s> [webpack.Progress] 9% setup compilation ExternalsPlugin
<s> [webpack.Progress] 9% setup compilation ExternalsPlugin
<s> [webpack.Progress] 9% setup compilation ChunkPrefetchPreloadPlugin
<s> [webpack.Progress] 9% setup compilation ModuleInfoHeaderPlugin
<s> [webpack.Progress] 9% setup compilation SourceMapDevToolPlugin
<s> [webpack.Progress] 9% setup compilation JavascriptModulesPlugin
<s> [webpack.Progress] 9% setup compilation JsonModulesPlugin
<s> [webpack.Progress] 9% setup compilation AssetModulesPlugin
<s> [webpack.Progress] 9% setup compilation EntryPlugin
<s> [webpack.Progress] 9% setup compilation EntryPlugin
<s> [webpack.Progress] 9% setup compilation RuntimePlugin
<s> [webpack.Progress] 9% setup compilation InferAsyncModulesPlugin
<s> [webpack.Progress] 9% setup compilation DataUriPlugin
<s> [webpack.Progress] 9% setup compilation FileUriPlugin
<s> [webpack.Progress] 9% setup compilation CompatibilityPlugin
<s> [webpack.Progress] 9% setup compilation HarmonyModulesPlugin
<s> [webpack.Progress] 9% setup compilation AMDPlugin
<s> [webpack.Progress] 9% setup compilation RequireJsStuffPlugin
<s> [webpack.Progress] 9% setup compilation CommonJsPlugin
<s> [webpack.Progress] 9% setup compilation LoaderPlugin
<s> [webpack.Progress] 9% setup compilation LoaderPlugin
<s> [webpack.Progress] 9% setup compilation NodeStuffPlugin
<s> [webpack.Progress] 9% setup compilation APIPlugin
<s> [webpack.Progress] 9% setup compilation ExportsInfoApiPlugin
<s> [webpack.Progress] 9% setup compilation WebpackIsIncludedPlugin
<s> [webpack.Progress] 9% setup compilation ConstPlugin
<s> [webpack.Progress] 9% setup compilation UseStrictPlugin
<s> [webpack.Progress] 9% setup compilation RequireIncludePlugin
<s> [webpack.Progress] 9% setup compilation RequireEnsurePlugin
<s> [webpack.Progress] 9% setup compilation RequireContextPlugin
<s> [webpack.Progress] 9% setup compilation ImportPlugin
<s> [webpack.Progress] 9% setup compilation ImportMetaContextPlugin
<s> [webpack.Progress] 9% setup compilation SystemPlugin
<s> [webpack.Progress] 9% setup compilation ImportMetaPlugin
<s> [webpack.Progress] 9% setup compilation URLPlugin
<s> [webpack.Progress] 9% setup compilation DefaultStatsFactoryPlugin
<s> [webpack.Progress] 9% setup compilation DefaultStatsPresetPlugin
<s> [webpack.Progress] 9% setup compilation DefaultStatsPrinterPlugin
<s> [webpack.Progress] 9% setup compilation JavascriptMetaInfoPlugin
<s> [webpack.Progress] 9% setup compilation EnsureChunkConditionsPlugin
<s> [webpack.Progress] 9% setup compilation RemoveEmptyChunksPlugin
<s> [webpack.Progress] 9% setup compilation MergeDuplicateChunksPlugin
<s> [webpack.Progress] 9% setup compilation SideEffectsFlagPlugin
<s> [webpack.Progress] 9% setup compilation FlagDependencyExportsPlugin
<s> [webpack.Progress] 9% setup compilation NamedModuleIdsPlugin
<s> [webpack.Progress] 9% setup compilation NamedChunkIdsPlugin
<s> [webpack.Progress] 9% setup compilation DefinePlugin
<s> [webpack.Progress] 9% setup compilation TemplatedPathPlugin
<s> [webpack.Progress] 9% setup compilation RecordIdsPlugin
<s> [webpack.Progress] 9% setup compilation WarnCaseSensitiveModulesPlugin
<s> [webpack.Progress] 9% setup compilation IgnoreWarningsPlugin
<s> [webpack.Progress] 9% setup compilation ProgressPlugin
<s> [webpack.Progress] 9% setup compilation
<s> [webpack.Progress] 10% building
<s> [webpack.Progress] 10% building 0/1 entries 0/0 dependencies 0/0 modules
<s> [webpack.Progress] 12% building 1/2 entries 36/36 dependencies 64/14 modules
<s> [webpack.Progress] 65% building 2/2 entries 1673/1673 dependencies 1437/929 modules
<s> [webpack.Progress] 65% building
<s> [webpack.Progress] 69% building finish
<s> [webpack.Progress] 69% building finish
<s> [webpack.Progress] 70% sealing finish module graph
<s> [webpack.Progress] 70% sealing finish module graph ResolverCachePlugin
<s> [webpack.Progress] 70% sealing finish module graph InferAsyncModulesPlugin
<s> [webpack.Progress] 70% sealing finish module graph FlagDependencyExportsPlugin
<s> [webpack.Progress] 70% sealing finish module graph
<s> [webpack.Progress] 70% sealing plugins
<s> [webpack.Progress] 70% sealing plugins WarnCaseSensitiveModulesPlugin
<s> [webpack.Progress] 70% sealing plugins
<s> [webpack.Progress] 71% sealing dependencies optimization
<s> [webpack.Progress] 71% sealing dependencies optimization SideEffectsFlagPlugin
<s> [webpack.Progress] 71% sealing dependencies optimization
<s> [webpack.Progress] 71% sealing after dependencies optimization
<s> [webpack.Progress] 71% sealing after dependencies optimization
<s> [webpack.Progress] 72% sealing chunk graph
<s> [webpack.Progress] 72% sealing chunk graph
<s> [webpack.Progress] 73% sealing after chunk graph
<s> [webpack.Progress] 73% sealing after chunk graph
<s> [webpack.Progress] 73% sealing optimizing
<s> [webpack.Progress] 73% sealing optimizing
<s> [webpack.Progress] 74% sealing module optimization
<s> [webpack.Progress] 74% sealing module optimization
<s> [webpack.Progress] 75% sealing after module optimization
<s> [webpack.Progress] 75% sealing after module optimization
<s> [webpack.Progress] 75% sealing chunk optimization
<s> [webpack.Progress] 75% sealing chunk optimization EnsureChunkConditionsPlugin
<s> [webpack.Progress] 75% sealing chunk optimization RemoveEmptyChunksPlugin
<s> [webpack.Progress] 75% sealing chunk optimization MergeDuplicateChunksPlugin
<s> [webpack.Progress] 75% sealing chunk optimization SplitChunksPlugin
<s> [webpack.Progress] 75% sealing chunk optimization RemoveEmptyChunksPlugin
<s> [webpack.Progress] 75% sealing chunk optimization
<s> [webpack.Progress] 76% sealing after chunk optimization
<s> [webpack.Progress] 76% sealing after chunk optimization
<s> [webpack.Progress] 77% sealing module and chunk tree optimization
<s> [webpack.Progress] 77% sealing module and chunk tree optimization PersistentChildCompilerSingletonPlugin
<s> [webpack.Progress] 77% sealing module and chunk tree optimization
<s> [webpack.Progress] 77% sealing after module and chunk tree optimization
<s> [webpack.Progress] 77% sealing after module and chunk tree optimization
<s> [webpack.Progress] 78% sealing chunk modules optimization
<s> [webpack.Progress] 78% sealing chunk modules optimization
<s> [webpack.Progress] 78% sealing after chunk modules optimization
<s> [webpack.Progress] 78% sealing after chunk modules optimization
<s> [webpack.Progress] 79% sealing module reviving
<s> [webpack.Progress] 79% sealing module reviving RecordIdsPlugin
<s> [webpack.Progress] 79% sealing module reviving
<s> [webpack.Progress] 80% sealing before module ids
<s> [webpack.Progress] 80% sealing before module ids
<s> [webpack.Progress] 80% sealing module ids
<s> [webpack.Progress] 80% sealing module ids NamedModuleIdsPlugin
<s> [webpack.Progress] 80% sealing module ids
<s> [webpack.Progress] 81% sealing module id optimization
<s> [webpack.Progress] 81% sealing module id optimization
<s> [webpack.Progress] 82% sealing module id optimization
<s> [webpack.Progress] 82% sealing module id optimization
<s> [webpack.Progress] 82% sealing chunk reviving
<s> [webpack.Progress] 82% sealing chunk reviving RecordIdsPlugin
<s> [webpack.Progress] 82% sealing chunk reviving
<s> [webpack.Progress] 83% sealing before chunk ids
<s> [webpack.Progress] 83% sealing before chunk ids
<s> [webpack.Progress] 84% sealing chunk ids
<s> [webpack.Progress] 84% sealing chunk ids NamedChunkIdsPlugin
<s> [webpack.Progress] 84% sealing chunk ids
<s> [webpack.Progress] 84% sealing chunk id optimization
<s> [webpack.Progress] 84% sealing chunk id optimization
<s> [webpack.Progress] 85% sealing after chunk id optimization
<s> [webpack.Progress] 85% sealing after chunk id optimization
<s> [webpack.Progress] 86% sealing record modules
<s> [webpack.Progress] 86% sealing record modules RecordIdsPlugin
<s> [webpack.Progress] 86% sealing record modules
<s> [webpack.Progress] 86% sealing record chunks
<s> [webpack.Progress] 86% sealing record chunks RecordIdsPlugin
<s> [webpack.Progress] 86% sealing record chunks
<s> [webpack.Progress] 87% sealing module hashing
<s> [webpack.Progress] 87% sealing module hashing
<s> [webpack.Progress] 87% sealing code generation
<s> [webpack.Progress] 87% sealing code generation
<s> [webpack.Progress] 88% sealing runtime requirements
<s> [webpack.Progress] 88% sealing runtime requirements
<s> [webpack.Progress] 89% sealing hashing
<s> [webpack.Progress] 89% sealing hashing
<s> [webpack.Progress] 89% sealing after hashing
<s> [webpack.Progress] 89% sealing after hashing
<s> [webpack.Progress] 90% sealing record hash
<s> [webpack.Progress] 90% sealing record hash
<s> [webpack.Progress] 91% sealing module assets processing
<s> [webpack.Progress] 91% sealing module assets processing
<s> [webpack.Progress] 91% sealing chunk assets processing
<s> [webpack.Progress] 91% sealing chunk assets processing
<s> [webpack.Progress] 92% sealing asset processing
<s> [webpack.Progress] 92% sealing asset processing HotModuleReplacementPlugin
<s> [webpack.Progress] 92% sealing asset processing PersistentChildCompilerSingletonPlugin
<s> [webpack.Progress] 92% sealing asset processing SourceMapDevToolPlugin
<s> [webpack.Progress] 92% sealing asset processing HtmlWebpackPlugin
<s> [webpack.Progress] 92% sealing asset processing
<s> [webpack.Progress] 93% sealing after asset optimization
<s> [webpack.Progress] 93% sealing after asset optimization
<s> [webpack.Progress] 93% sealing recording
<s> [webpack.Progress] 93% sealing recording HotModuleReplacementPlugin
<s> [webpack.Progress] 93% sealing recording
<s> [webpack.Progress] 94% sealing after seal
<s> [webpack.Progress] 94% sealing after seal
<s> [webpack.Progress] 95% emitting emit
<s> [webpack.Progress] 95% emitting emit DevMiddleware
<s> [webpack.Progress] 95% emitting emit
<s> [webpack.Progress] 98% emitting after emit
<s> [webpack.Progress] 98% emitting after emit SizeLimitsPlugin
<s> [webpack.Progress] 98% emitting after emit
<s> [webpack.Progress] 99% done plugins
<s> [webpack.Progress] 99% done plugins CaseSensitivePathsPlugin
<s> [webpack.Progress] 99% done plugins webpack-dev-middleware
<s> [webpack.Progress] 99% done plugins webpack-hot-middleware
<s> [webpack.Progress] 99% done plugins
<s> [webpack.Progress] 99% 

<s> [webpack.Progress] 99% cache store build dependencies
<s> [webpack.Progress] 99% cache store build dependencies
<s> [webpack.Progress] 99% cache begin idle
<s> [webpack.Progress] 99% cache begin idle
<s> [webpack.Progress] 100% 

<s> [webpack.Progress] 0% 

<s> [webpack.Progress] 1% cache end idle
<s> [webpack.Progress] 1% cache end idle
<s> [webpack.Progress] 3% setup watch run
<s> [webpack.Progress] 3% setup watch run VirtualModulesPlugin
<s> [webpack.Progress] 3% setup watch run webpack-dev-middleware
<s> [webpack.Progress] 3% setup watch run
<s> [webpack.Progress] 4% setup normal module factory
<s> [webpack.Progress] 4% setup normal module factory CaseSensitivePathsPlugin
<s> [webpack.Progress] 4% setup normal module factory
<s> [webpack.Progress] 5% setup context module factory
<s> [webpack.Progress] 5% setup context module factory
<s> [webpack.Progress] 6% setup before compile
<s> [webpack.Progress] 6% setup before compile ProgressPlugin
<s> [webpack.Progress] 6% setup before compile ProgressPlugin
<s> [webpack.Progress] 6% setup before compile
<s> [webpack.Progress] 7% setup compile
<s> [webpack.Progress] 7% setup compile ExternalsPlugin
<s> [webpack.Progress] 7% setup compile ExternalsPlugin
<s> [webpack.Progress] 7% setup compile
<s> [webpack.Progress] 8% setup compilation
<s> [webpack.Progress] 8% setup compilation HtmlWebpackPlugin
<s> [webpack.Progress] 8% setup compilation unplugin-csf
<s> [webpack.Progress] 8% setup compilation ArrayPushCallbackChunkFormatPlugin
<s> [webpack.Progress] 8% setup compilation JsonpChunkLoadingPlugin
<s> [webpack.Progress] 8% setup compilation StartupChunkDependenciesPlugin
<s> [webpack.Progress] 8% setup compilation ImportScriptsChunkLoadingPlugin
<s> [webpack.Progress] 8% setup compilation WorkerPlugin
<s> [webpack.Progress] 8% setup compilation SplitChunksPlugin
<s> [webpack.Progress] 8% setup compilation RuntimeChunkPlugin
<s> [webpack.Progress] 8% setup compilation ResolverCachePlugin
<s> [webpack.Progress] 8% setup compilation
<s> [webpack.Progress] 9% setup compilation
<s> [webpack.Progress] 9% setup compilation DefinePlugin
<s> [webpack.Progress] 9% setup compilation ProvidePlugin
<s> [webpack.Progress] 9% setup compilation HotModuleReplacementPlugin
<s> [webpack.Progress] 9% setup compilation ProgressPlugin
<s> [webpack.Progress] 9% setup compilation vue-loader-plugin
<s> [webpack.Progress] 9% setup compilation DefinePlugin
<s> [webpack.Progress] 9% setup compilation ExternalsPlugin
<s> [webpack.Progress] 9% setup compilation ExternalsPlugin
<s> [webpack.Progress] 9% setup compilation ChunkPrefetchPreloadPlugin
<s> [webpack.Progress] 9% setup compilation ModuleInfoHeaderPlugin
<s> [webpack.Progress] 9% setup compilation SourceMapDevToolPlugin
<s> [webpack.Progress] 9% setup compilation JavascriptModulesPlugin
<s> [webpack.Progress] 9% setup compilation JsonModulesPlugin
<s> [webpack.Progress] 9% setup compilation AssetModulesPlugin
<s> [webpack.Progress] 9% setup compilation EntryPlugin
<s> [webpack.Progress] 9% setup compilation EntryPlugin
<s> [webpack.Progress] 9% setup compilation RuntimePlugin
<s> [webpack.Progress] 9% setup compilation InferAsyncModulesPlugin
<s> [webpack.Progress] 9% setup compilation DataUriPlugin
<s> [webpack.Progress] 9% setup compilation FileUriPlugin
<s> [webpack.Progress] 9% setup compilation CompatibilityPlugin
<s> [webpack.Progress] 9% setup compilation HarmonyModulesPlugin
<s> [webpack.Progress] 9% setup compilation AMDPlugin
<s> [webpack.Progress] 9% setup compilation RequireJsStuffPlugin
<s> [webpack.Progress] 9% setup compilation CommonJsPlugin
<s> [webpack.Progress] 9% setup compilation LoaderPlugin
<s> [webpack.Progress] 9% setup compilation LoaderPlugin
<s> [webpack.Progress] 9% setup compilation NodeStuffPlugin
<s> [webpack.Progress] 9% setup compilation APIPlugin
<s> [webpack.Progress] 9% setup compilation ExportsInfoApiPlugin
<s> [webpack.Progress] 9% setup compilation WebpackIsIncludedPlugin
<s> [webpack.Progress] 9% setup compilation ConstPlugin
<s> [webpack.Progress] 9% setup compilation UseStrictPlugin
<s> [webpack.Progress] 9% setup compilation RequireIncludePlugin
<s> [webpack.Progress] 9% setup compilation RequireEnsurePlugin
<s> [webpack.Progress] 9% setup compilation RequireContextPlugin
<s> [webpack.Progress] 9% setup compilation ImportPlugin
<s> [webpack.Progress] 9% setup compilation ImportMetaContextPlugin
<s> [webpack.Progress] 9% setup compilation SystemPlugin
<s> [webpack.Progress] 9% setup compilation ImportMetaPlugin
<s> [webpack.Progress] 9% setup compilation URLPlugin
<s> [webpack.Progress] 9% setup compilation DefaultStatsFactoryPlugin
<s> [webpack.Progress] 9% setup compilation DefaultStatsPresetPlugin
<s> [webpack.Progress] 9% setup compilation DefaultStatsPrinterPlugin
<s> [webpack.Progress] 9% setup compilation JavascriptMetaInfoPlugin
<s> [webpack.Progress] 9% setup compilation EnsureChunkConditionsPlugin
<s> [webpack.Progress] 9% setup compilation RemoveEmptyChunksPlugin
<s> [webpack.Progress] 9% setup compilation MergeDuplicateChunksPlugin
<s> [webpack.Progress] 9% setup compilation SideEffectsFlagPlugin
<s> [webpack.Progress] 9% setup compilation FlagDependencyExportsPlugin
<s> [webpack.Progress] 9% setup compilation NamedModuleIdsPlugin
<s> [webpack.Progress] 9% setup compilation NamedChunkIdsPlugin
<s> [webpack.Progress] 9% setup compilation DefinePlugin
<s> [webpack.Progress] 9% setup compilation TemplatedPathPlugin
<s> [webpack.Progress] 9% setup compilation RecordIdsPlugin
<s> [webpack.Progress] 9% setup compilation WarnCaseSensitiveModulesPlugin
<s> [webpack.Progress] 9% setup compilation IgnoreWarningsPlugin
<s> [webpack.Progress] 9% setup compilation ProgressPlugin
<s> [webpack.Progress] 9% setup compilation
<s> [webpack.Progress] 10% building
<s> [webpack.Progress] 10% building 0/1 entries 0/0 dependencies 0/0 modules
<s> [webpack.Progress] 14% building 1/2 entries 36/36 dependencies 79/14 modules
<s> [webpack.Progress] 65% building 2/2 entries 1673/1673 dependencies 1437/929 modules
<s> [webpack.Progress] 65% building
<s> [webpack.Progress] 69% building finish
<s> [webpack.Progress] 69% building finish
<s> [webpack.Progress] 70% sealing finish module graph
<s> [webpack.Progress] 70% sealing finish module graph ResolverCachePlugin
<s> [webpack.Progress] 70% sealing finish module graph InferAsyncModulesPlugin
<s> [webpack.Progress] 70% sealing finish module graph FlagDependencyExportsPlugin
<s> [webpack.Progress] 70% sealing finish module graph
<s> [webpack.Progress] 70% sealing plugins
<s> [webpack.Progress] 70% sealing plugins WarnCaseSensitiveModulesPlugin
<s> [webpack.Progress] 70% sealing plugins
<s> [webpack.Progress] 71% sealing dependencies optimization
<s> [webpack.Progress] 71% sealing dependencies optimization SideEffectsFlagPlugin
<s> [webpack.Progress] 71% sealing dependencies optimization
<s> [webpack.Progress] 71% sealing after dependencies optimization
<s> [webpack.Progress] 71% sealing after dependencies optimization
<s> [webpack.Progress] 72% sealing chunk graph
<s> [webpack.Progress] 72% sealing chunk graph
<s> [webpack.Progress] 73% sealing after chunk graph
<s> [webpack.Progress] 73% sealing after chunk graph
<s> [webpack.Progress] 73% sealing optimizing
<s> [webpack.Progress] 73% sealing optimizing
<s> [webpack.Progress] 74% sealing module optimization
<s> [webpack.Progress] 74% sealing module optimization
<s> [webpack.Progress] 75% sealing after module optimization
<s> [webpack.Progress] 75% sealing after module optimization
<s> [webpack.Progress] 75% sealing chunk optimization
<s> [webpack.Progress] 75% sealing chunk optimization EnsureChunkConditionsPlugin
<s> [webpack.Progress] 75% sealing chunk optimization RemoveEmptyChunksPlugin
<s> [webpack.Progress] 75% sealing chunk optimization MergeDuplicateChunksPlugin
<s> [webpack.Progress] 75% sealing chunk optimization SplitChunksPlugin
<s> [webpack.Progress] 75% sealing chunk optimization RemoveEmptyChunksPlugin
<s> [webpack.Progress] 75% sealing chunk optimization
<s> [webpack.Progress] 76% sealing after chunk optimization
<s> [webpack.Progress] 76% sealing after chunk optimization
<s> [webpack.Progress] 77% sealing module and chunk tree optimization
<s> [webpack.Progress] 77% sealing module and chunk tree optimization PersistentChildCompilerSingletonPlugin
<s> [webpack.Progress] 77% sealing module and chunk tree optimization
<s> [webpack.Progress] 77% sealing after module and chunk tree optimization
<s> [webpack.Progress] 77% sealing after module and chunk tree optimization
<s> [webpack.Progress] 78% sealing chunk modules optimization
<s> [webpack.Progress] 78% sealing chunk modules optimization
<s> [webpack.Progress] 78% sealing after chunk modules optimization
<s> [webpack.Progress] 78% sealing after chunk modules optimization
<s> [webpack.Progress] 79% sealing module reviving
<s> [webpack.Progress] 79% sealing module reviving RecordIdsPlugin
<s> [webpack.Progress] 79% sealing module reviving
<s> [webpack.Progress] 80% sealing before module ids
<s> [webpack.Progress] 80% sealing before module ids
<s> [webpack.Progress] 80% sealing module ids
<s> [webpack.Progress] 80% sealing module ids NamedModuleIdsPlugin
<s> [webpack.Progress] 80% sealing module ids
<s> [webpack.Progress] 81% sealing module id optimization
<s> [webpack.Progress] 81% sealing module id optimization
<s> [webpack.Progress] 82% sealing module id optimization
<s> [webpack.Progress] 82% sealing module id optimization
<s> [webpack.Progress] 82% sealing chunk reviving
<s> [webpack.Progress] 82% sealing chunk reviving RecordIdsPlugin
<s> [webpack.Progress] 82% sealing chunk reviving
<s> [webpack.Progress] 83% sealing before chunk ids
<s> [webpack.Progress] 83% sealing before chunk ids
<s> [webpack.Progress] 84% sealing chunk ids
<s> [webpack.Progress] 84% sealing chunk ids NamedChunkIdsPlugin
<s> [webpack.Progress] 84% sealing chunk ids
<s> [webpack.Progress] 84% sealing chunk id optimization
<s> [webpack.Progress] 84% sealing chunk id optimization
<s> [webpack.Progress] 85% sealing after chunk id optimization
<s> [webpack.Progress] 85% sealing after chunk id optimization
<s> [webpack.Progress] 86% sealing record modules
<s> [webpack.Progress] 86% sealing record modules RecordIdsPlugin
<s> [webpack.Progress] 86% sealing record modules
<s> [webpack.Progress] 86% sealing record chunks
<s> [webpack.Progress] 86% sealing record chunks RecordIdsPlugin
<s> [webpack.Progress] 86% sealing record chunks
<s> [webpack.Progress] 87% sealing module hashing
<s> [webpack.Progress] 87% sealing module hashing
<s> [webpack.Progress] 87% sealing code generation
<s> [webpack.Progress] 87% sealing code generation
<s> [webpack.Progress] 88% sealing runtime requirements
<s> [webpack.Progress] 88% sealing runtime requirements
<s> [webpack.Progress] 89% sealing hashing
<s> [webpack.Progress] 89% sealing hashing
<s> [webpack.Progress] 89% sealing after hashing
<s> [webpack.Progress] 89% sealing after hashing
<s> [webpack.Progress] 90% sealing record hash
<s> [webpack.Progress] 90% sealing record hash
<s> [webpack.Progress] 91% sealing module assets processing
<s> [webpack.Progress] 91% sealing module assets processing
<s> [webpack.Progress] 91% sealing chunk assets processing
<s> [webpack.Progress] 91% sealing chunk assets processing
<s> [webpack.Progress] 92% sealing asset processing
<s> [webpack.Progress] 92% sealing asset processing HotModuleReplacementPlugin
<s> [webpack.Progress] 92% sealing asset processing PersistentChildCompilerSingletonPlugin
<s> [webpack.Progress] 92% sealing asset processing SourceMapDevToolPlugin
<s> [webpack.Progress] 92% sealing asset processing HtmlWebpackPlugin
<s> [webpack.Progress] 92% sealing asset processing
<s> [webpack.Progress] 93% sealing after asset optimization
<s> [webpack.Progress] 93% sealing after asset optimization
<s> [webpack.Progress] 93% sealing recording
<s> [webpack.Progress] 93% sealing recording HotModuleReplacementPlugin
<s> [webpack.Progress] 93% sealing recording
<s> [webpack.Progress] 94% sealing after seal
<s> [webpack.Progress] 94% sealing after seal
<s> [webpack.Progress] 95% emitting emit
<s> [webpack.Progress] 95% emitting emit DevMiddleware
<s> [webpack.Progress] 95% emitting emit
<s> [webpack.Progress] 98% emitting after emit
<s> [webpack.Progress] 98% emitting after emit SizeLimitsPlugin
<s> [webpack.Progress] 98% emitting after emit
<s> [webpack.Progress] 99% done plugins
<s> [webpack.Progress] 99% done plugins CaseSensitivePathsPlugin
<s> [webpack.Progress] 99% done plugins webpack-dev-middleware
<s> [webpack.Progress] 99% done plugins webpack-hot-middleware
<s> [webpack.Progress] 99% done plugins
<s> [webpack.Progress] 99% 

<s> [webpack.Progress] 99% cache store build dependencies
<s> [webpack.Progress] 99% cache store build dependencies
<s> [webpack.Progress] 99% cache begin idle
<s> [webpack.Progress] 99% cache begin idle
<s> [webpack.Progress] 100% 

<s> [webpack.Progress] 0% 

<s> [webpack.Progress] 1% cache end idle
<s> [webpack.Progress] 1% cache end idle
<s> [webpack.Progress] 3% setup watch run
<s> [webpack.Progress] 3% setup watch run VirtualModulesPlugin
<s> [webpack.Progress] 3% setup watch run webpack-dev-middleware
<s> [webpack.Progress] 3% setup watch run
<s> [webpack.Progress] 4% setup normal module factory
<s> [webpack.Progress] 4% setup normal module factory CaseSensitivePathsPlugin
<s> [webpack.Progress] 4% setup normal module factory
<s> [webpack.Progress] 5% setup context module factory
<s> [webpack.Progress] 5% setup context module factory
<s> [webpack.Progress] 6% setup before compile
<s> [webpack.Progress] 6% setup before compile ProgressPlugin
<s> [webpack.Progress] 6% setup before compile ProgressPlugin
<s> [webpack.Progress] 6% setup before compile
<s> [webpack.Progress] 7% setup compile
<s> [webpack.Progress] 7% setup compile ExternalsPlugin
<s> [webpack.Progress] 7% setup compile ExternalsPlugin
<s> [webpack.Progress] 7% setup compile
<s> [webpack.Progress] 8% setup compilation
<s> [webpack.Progress] 8% setup compilation HtmlWebpackPlugin
<s> [webpack.Progress] 8% setup compilation unplugin-csf
<s> [webpack.Progress] 8% setup compilation ArrayPushCallbackChunkFormatPlugin
<s> [webpack.Progress] 8% setup compilation JsonpChunkLoadingPlugin
<s> [webpack.Progress] 8% setup compilation StartupChunkDependenciesPlugin
<s> [webpack.Progress] 8% setup compilation ImportScriptsChunkLoadingPlugin
<s> [webpack.Progress] 8% setup compilation WorkerPlugin
<s> [webpack.Progress] 8% setup compilation SplitChunksPlugin
<s> [webpack.Progress] 8% setup compilation RuntimeChunkPlugin
<s> [webpack.Progress] 8% setup compilation ResolverCachePlugin
<s> [webpack.Progress] 8% setup compilation
<s> [webpack.Progress] 9% setup compilation
<s> [webpack.Progress] 9% setup compilation DefinePlugin
<s> [webpack.Progress] 9% setup compilation ProvidePlugin
<s> [webpack.Progress] 9% setup compilation HotModuleReplacementPlugin
<s> [webpack.Progress] 9% setup compilation ProgressPlugin
<s> [webpack.Progress] 9% setup compilation vue-loader-plugin
<s> [webpack.Progress] 9% setup compilation DefinePlugin
<s> [webpack.Progress] 9% setup compilation ExternalsPlugin
<s> [webpack.Progress] 9% setup compilation ExternalsPlugin
<s> [webpack.Progress] 9% setup compilation ChunkPrefetchPreloadPlugin
<s> [webpack.Progress] 9% setup compilation ModuleInfoHeaderPlugin
<s> [webpack.Progress] 9% setup compilation SourceMapDevToolPlugin
<s> [webpack.Progress] 9% setup compilation JavascriptModulesPlugin
<s> [webpack.Progress] 9% setup compilation JsonModulesPlugin
<s> [webpack.Progress] 9% setup compilation AssetModulesPlugin
<s> [webpack.Progress] 9% setup compilation EntryPlugin
<s> [webpack.Progress] 9% setup compilation EntryPlugin
<s> [webpack.Progress] 9% setup compilation RuntimePlugin
<s> [webpack.Progress] 9% setup compilation InferAsyncModulesPlugin
<s> [webpack.Progress] 9% setup compilation DataUriPlugin
<s> [webpack.Progress] 9% setup compilation FileUriPlugin
<s> [webpack.Progress] 9% setup compilation CompatibilityPlugin
<s> [webpack.Progress] 9% setup compilation HarmonyModulesPlugin
<s> [webpack.Progress] 9% setup compilation AMDPlugin
<s> [webpack.Progress] 9% setup compilation RequireJsStuffPlugin
<s> [webpack.Progress] 9% setup compilation CommonJsPlugin
<s> [webpack.Progress] 9% setup compilation LoaderPlugin
<s> [webpack.Progress] 9% setup compilation LoaderPlugin
<s> [webpack.Progress] 9% setup compilation NodeStuffPlugin
<s> [webpack.Progress] 9% setup compilation APIPlugin
<s> [webpack.Progress] 9% setup compilation ExportsInfoApiPlugin
<s> [webpack.Progress] 9% setup compilation WebpackIsIncludedPlugin
<s> [webpack.Progress] 9% setup compilation ConstPlugin
<s> [webpack.Progress] 9% setup compilation UseStrictPlugin
<s> [webpack.Progress] 9% setup compilation RequireIncludePlugin
<s> [webpack.Progress] 9% setup compilation RequireEnsurePlugin
<s> [webpack.Progress] 9% setup compilation RequireContextPlugin
<s> [webpack.Progress] 9% setup compilation ImportPlugin
<s> [webpack.Progress] 9% setup compilation ImportMetaContextPlugin
<s> [webpack.Progress] 9% setup compilation SystemPlugin
<s> [webpack.Progress] 9% setup compilation ImportMetaPlugin
<s> [webpack.Progress] 9% setup compilation URLPlugin
<s> [webpack.Progress] 9% setup compilation DefaultStatsFactoryPlugin
<s> [webpack.Progress] 9% setup compilation DefaultStatsPresetPlugin
<s> [webpack.Progress] 9% setup compilation DefaultStatsPrinterPlugin
<s> [webpack.Progress] 9% setup compilation JavascriptMetaInfoPlugin
<s> [webpack.Progress] 9% setup compilation EnsureChunkConditionsPlugin
<s> [webpack.Progress] 9% setup compilation RemoveEmptyChunksPlugin
<s> [webpack.Progress] 9% setup compilation MergeDuplicateChunksPlugin
<s> [webpack.Progress] 9% setup compilation SideEffectsFlagPlugin
<s> [webpack.Progress] 9% setup compilation FlagDependencyExportsPlugin
<s> [webpack.Progress] 9% setup compilation NamedModuleIdsPlugin
<s> [webpack.Progress] 9% setup compilation NamedChunkIdsPlugin
<s> [webpack.Progress] 9% setup compilation DefinePlugin
<s> [webpack.Progress] 9% setup compilation TemplatedPathPlugin
<s> [webpack.Progress] 9% setup compilation RecordIdsPlugin
<s> [webpack.Progress] 9% setup compilation WarnCaseSensitiveModulesPlugin
<s> [webpack.Progress] 9% setup compilation IgnoreWarningsPlugin
<s> [webpack.Progress] 9% setup compilation ProgressPlugin
<s> [webpack.Progress] 9% setup compilation
<s> [webpack.Progress] 10% building
<s> [webpack.Progress] 10% building 0/1 entries 0/0 dependencies 0/0 modules
<s> [webpack.Progress] 14% building 1/2 entries 36/36 dependencies 84/14 modules
<i> [webpack-dev-middleware] wait until bundle finished: /vendors-node_modules_vee-validate_yup_dist_vee-validate-yup_mjs-node_modules_yup_index_esm_js.iframe.bundle.js
<i> [webpack-dev-middleware] wait until bundle finished: /library_src_components_basic_SvgIcon_index_vue.iframe.bundle.js
<i> [webpack-dev-middleware] wait until bundle finished: /library_src_components_overlayer_InfoTooltip_index_vue.iframe.bundle.js
<i> [webpack-dev-middleware] wait until bundle finished: /library_src_components_feedback_MessageText_index_vue.iframe.bundle.js
<s> [webpack.Progress] 65% building 2/2 entries 1673/1673 dependencies 1437/929 modules
<s> [webpack.Progress] 65% building
<s> [webpack.Progress] 69% building finish
<s> [webpack.Progress] 69% building finish
<s> [webpack.Progress] 70% sealing finish module graph
<s> [webpack.Progress] 70% sealing finish module graph ResolverCachePlugin
<s> [webpack.Progress] 70% sealing finish module graph InferAsyncModulesPlugin
<s> [webpack.Progress] 70% sealing finish module graph FlagDependencyExportsPlugin
<s> [webpack.Progress] 70% sealing finish module graph
<s> [webpack.Progress] 70% sealing plugins
<s> [webpack.Progress] 70% sealing plugins WarnCaseSensitiveModulesPlugin
<s> [webpack.Progress] 70% sealing plugins
<s> [webpack.Progress] 71% sealing dependencies optimization
<s> [webpack.Progress] 71% sealing dependencies optimization SideEffectsFlagPlugin
<s> [webpack.Progress] 71% sealing dependencies optimization
<s> [webpack.Progress] 71% sealing after dependencies optimization
<s> [webpack.Progress] 71% sealing after dependencies optimization
<s> [webpack.Progress] 72% sealing chunk graph
<s> [webpack.Progress] 72% sealing chunk graph
<s> [webpack.Progress] 73% sealing after chunk graph
<s> [webpack.Progress] 73% sealing after chunk graph
<s> [webpack.Progress] 73% sealing optimizing
<s> [webpack.Progress] 73% sealing optimizing
<s> [webpack.Progress] 74% sealing module optimization
<s> [webpack.Progress] 74% sealing module optimization
<s> [webpack.Progress] 75% sealing after module optimization
<s> [webpack.Progress] 75% sealing after module optimization
<s> [webpack.Progress] 75% sealing chunk optimization
<s> [webpack.Progress] 75% sealing chunk optimization EnsureChunkConditionsPlugin
<s> [webpack.Progress] 75% sealing chunk optimization RemoveEmptyChunksPlugin
<s> [webpack.Progress] 75% sealing chunk optimization MergeDuplicateChunksPlugin
<s> [webpack.Progress] 75% sealing chunk optimization SplitChunksPlugin
<s> [webpack.Progress] 75% sealing chunk optimization RemoveEmptyChunksPlugin
<s> [webpack.Progress] 75% sealing chunk optimization
<s> [webpack.Progress] 76% sealing after chunk optimization
<s> [webpack.Progress] 76% sealing after chunk optimization
<s> [webpack.Progress] 77% sealing module and chunk tree optimization
<s> [webpack.Progress] 77% sealing module and chunk tree optimization PersistentChildCompilerSingletonPlugin
<s> [webpack.Progress] 77% sealing module and chunk tree optimization
<s> [webpack.Progress] 77% sealing after module and chunk tree optimization
<s> [webpack.Progress] 77% sealing after module and chunk tree optimization
<s> [webpack.Progress] 78% sealing chunk modules optimization
<s> [webpack.Progress] 78% sealing chunk modules optimization
<s> [webpack.Progress] 78% sealing after chunk modules optimization
<s> [webpack.Progress] 78% sealing after chunk modules optimization
<s> [webpack.Progress] 79% sealing module reviving
<s> [webpack.Progress] 79% sealing module reviving RecordIdsPlugin
<s> [webpack.Progress] 79% sealing module reviving
<s> [webpack.Progress] 80% sealing before module ids
<s> [webpack.Progress] 80% sealing before module ids
<s> [webpack.Progress] 80% sealing module ids
<s> [webpack.Progress] 80% sealing module ids NamedModuleIdsPlugin
<s> [webpack.Progress] 80% sealing module ids
<s> [webpack.Progress] 81% sealing module id optimization
<s> [webpack.Progress] 81% sealing module id optimization
<s> [webpack.Progress] 82% sealing module id optimization
<s> [webpack.Progress] 82% sealing module id optimization
<s> [webpack.Progress] 82% sealing chunk reviving
<s> [webpack.Progress] 82% sealing chunk reviving RecordIdsPlugin
<s> [webpack.Progress] 82% sealing chunk reviving
<s> [webpack.Progress] 83% sealing before chunk ids
<s> [webpack.Progress] 83% sealing before chunk ids
<s> [webpack.Progress] 84% sealing chunk ids
<s> [webpack.Progress] 84% sealing chunk ids NamedChunkIdsPlugin
<s> [webpack.Progress] 84% sealing chunk ids
<s> [webpack.Progress] 84% sealing chunk id optimization
<s> [webpack.Progress] 84% sealing chunk id optimization
<s> [webpack.Progress] 85% sealing after chunk id optimization
<s> [webpack.Progress] 85% sealing after chunk id optimization
<s> [webpack.Progress] 86% sealing record modules
<s> [webpack.Progress] 86% sealing record modules RecordIdsPlugin
<s> [webpack.Progress] 86% sealing record modules
<s> [webpack.Progress] 86% sealing record chunks
<s> [webpack.Progress] 86% sealing record chunks RecordIdsPlugin
<s> [webpack.Progress] 86% sealing record chunks
<s> [webpack.Progress] 87% sealing module hashing
<s> [webpack.Progress] 87% sealing module hashing
<s> [webpack.Progress] 87% sealing code generation
<s> [webpack.Progress] 87% sealing code generation
<s> [webpack.Progress] 88% sealing runtime requirements
<s> [webpack.Progress] 88% sealing runtime requirements
<s> [webpack.Progress] 89% sealing hashing
<s> [webpack.Progress] 89% sealing hashing
<s> [webpack.Progress] 89% sealing after hashing
<s> [webpack.Progress] 89% sealing after hashing
<s> [webpack.Progress] 90% sealing record hash
<s> [webpack.Progress] 90% sealing record hash
<s> [webpack.Progress] 91% sealing module assets processing
<s> [webpack.Progress] 91% sealing module assets processing
<s> [webpack.Progress] 91% sealing chunk assets processing
<s> [webpack.Progress] 91% sealing chunk assets processing
<s> [webpack.Progress] 92% sealing asset processing
<s> [webpack.Progress] 92% sealing asset processing HotModuleReplacementPlugin
<s> [webpack.Progress] 92% sealing asset processing PersistentChildCompilerSingletonPlugin
<s> [webpack.Progress] 92% sealing asset processing SourceMapDevToolPlugin
<s> [webpack.Progress] 92% sealing asset processing HtmlWebpackPlugin
<s> [webpack.Progress] 92% sealing asset processing
<s> [webpack.Progress] 93% sealing after asset optimization
<s> [webpack.Progress] 93% sealing after asset optimization
<s> [webpack.Progress] 93% sealing recording
<s> [webpack.Progress] 93% sealing recording HotModuleReplacementPlugin
<s> [webpack.Progress] 93% sealing recording
<s> [webpack.Progress] 94% sealing after seal
<s> [webpack.Progress] 94% sealing after seal
<s> [webpack.Progress] 95% emitting emit
<s> [webpack.Progress] 95% emitting emit DevMiddleware
<s> [webpack.Progress] 95% emitting emit
<s> [webpack.Progress] 98% emitting after emit
<s> [webpack.Progress] 98% emitting after emit SizeLimitsPlugin
<s> [webpack.Progress] 98% emitting after emit
<s> [webpack.Progress] 99% done plugins
<s> [webpack.Progress] 99% done plugins CaseSensitivePathsPlugin
<s> [webpack.Progress] 99% done plugins webpack-dev-middleware
<s> [webpack.Progress] 99% done plugins webpack-hot-middleware
<s> [webpack.Progress] 99% done plugins
<s> [webpack.Progress] 99% 

<s> [webpack.Progress] 99% cache store build dependencies
<s> [webpack.Progress] 99% cache store build dependencies
<s> [webpack.Progress] 99% cache begin idle
<s> [webpack.Progress] 99% cache begin idle
<s> [webpack.Progress] 100% 

<s> [webpack.Progress] 0% 

<s> [webpack.Progress] 1% cache end idle
<s> [webpack.Progress] 1% cache end idle
<s> [webpack.Progress] 3% setup watch run
<s> [webpack.Progress] 3% setup watch run VirtualModulesPlugin
<s> [webpack.Progress] 3% setup watch run webpack-dev-middleware
<s> [webpack.Progress] 3% setup watch run
<s> [webpack.Progress] 4% setup normal module factory
<s> [webpack.Progress] 4% setup normal module factory CaseSensitivePathsPlugin
<s> [webpack.Progress] 4% setup normal module factory
<s> [webpack.Progress] 5% setup context module factory
<s> [webpack.Progress] 5% setup context module factory
<s> [webpack.Progress] 6% setup before compile
<s> [webpack.Progress] 6% setup before compile ProgressPlugin
<s> [webpack.Progress] 6% setup before compile ProgressPlugin
<s> [webpack.Progress] 6% setup before compile
<s> [webpack.Progress] 7% setup compile
<s> [webpack.Progress] 7% setup compile ExternalsPlugin
<s> [webpack.Progress] 7% setup compile ExternalsPlugin
<s> [webpack.Progress] 7% setup compile
<s> [webpack.Progress] 8% setup compilation
<s> [webpack.Progress] 8% setup compilation HtmlWebpackPlugin
<s> [webpack.Progress] 8% setup compilation unplugin-csf
<s> [webpack.Progress] 8% setup compilation ArrayPushCallbackChunkFormatPlugin
<s> [webpack.Progress] 8% setup compilation JsonpChunkLoadingPlugin
<s> [webpack.Progress] 8% setup compilation StartupChunkDependenciesPlugin
<s> [webpack.Progress] 8% setup compilation ImportScriptsChunkLoadingPlugin
<s> [webpack.Progress] 8% setup compilation WorkerPlugin
<s> [webpack.Progress] 8% setup compilation SplitChunksPlugin
<s> [webpack.Progress] 8% setup compilation RuntimeChunkPlugin
<s> [webpack.Progress] 8% setup compilation ResolverCachePlugin
<s> [webpack.Progress] 8% setup compilation
<s> [webpack.Progress] 9% setup compilation
<s> [webpack.Progress] 9% setup compilation DefinePlugin
<s> [webpack.Progress] 9% setup compilation ProvidePlugin
<s> [webpack.Progress] 9% setup compilation HotModuleReplacementPlugin
<s> [webpack.Progress] 9% setup compilation ProgressPlugin
<s> [webpack.Progress] 9% setup compilation vue-loader-plugin
<s> [webpack.Progress] 9% setup compilation DefinePlugin
<s> [webpack.Progress] 9% setup compilation ExternalsPlugin
<s> [webpack.Progress] 9% setup compilation ExternalsPlugin
<s> [webpack.Progress] 9% setup compilation ChunkPrefetchPreloadPlugin
<s> [webpack.Progress] 9% setup compilation ModuleInfoHeaderPlugin
<s> [webpack.Progress] 9% setup compilation SourceMapDevToolPlugin
<s> [webpack.Progress] 9% setup compilation JavascriptModulesPlugin
<s> [webpack.Progress] 9% setup compilation JsonModulesPlugin
<s> [webpack.Progress] 9% setup compilation AssetModulesPlugin
<s> [webpack.Progress] 9% setup compilation EntryPlugin
<s> [webpack.Progress] 9% setup compilation EntryPlugin
<s> [webpack.Progress] 9% setup compilation RuntimePlugin
<s> [webpack.Progress] 9% setup compilation InferAsyncModulesPlugin
<s> [webpack.Progress] 9% setup compilation DataUriPlugin
<s> [webpack.Progress] 9% setup compilation FileUriPlugin
<s> [webpack.Progress] 9% setup compilation CompatibilityPlugin
<s> [webpack.Progress] 9% setup compilation HarmonyModulesPlugin
<s> [webpack.Progress] 9% setup compilation AMDPlugin
<s> [webpack.Progress] 9% setup compilation RequireJsStuffPlugin
<s> [webpack.Progress] 9% setup compilation CommonJsPlugin
<s> [webpack.Progress] 9% setup compilation LoaderPlugin
<s> [webpack.Progress] 9% setup compilation LoaderPlugin
<s> [webpack.Progress] 9% setup compilation NodeStuffPlugin
<s> [webpack.Progress] 9% setup compilation APIPlugin
<s> [webpack.Progress] 9% setup compilation ExportsInfoApiPlugin
<s> [webpack.Progress] 9% setup compilation WebpackIsIncludedPlugin
<s> [webpack.Progress] 9% setup compilation ConstPlugin
<s> [webpack.Progress] 9% setup compilation UseStrictPlugin
<s> [webpack.Progress] 9% setup compilation RequireIncludePlugin
<s> [webpack.Progress] 9% setup compilation RequireEnsurePlugin
<s> [webpack.Progress] 9% setup compilation RequireContextPlugin
<s> [webpack.Progress] 9% setup compilation ImportPlugin
<s> [webpack.Progress] 9% setup compilation ImportMetaContextPlugin
<s> [webpack.Progress] 9% setup compilation SystemPlugin
<s> [webpack.Progress] 9% setup compilation ImportMetaPlugin
<s> [webpack.Progress] 9% setup compilation URLPlugin
<s> [webpack.Progress] 9% setup compilation DefaultStatsFactoryPlugin
<s> [webpack.Progress] 9% setup compilation DefaultStatsPresetPlugin
<s> [webpack.Progress] 9% setup compilation DefaultStatsPrinterPlugin
<s> [webpack.Progress] 9% setup compilation JavascriptMetaInfoPlugin
<s> [webpack.Progress] 9% setup compilation EnsureChunkConditionsPlugin
<s> [webpack.Progress] 9% setup compilation RemoveEmptyChunksPlugin
<s> [webpack.Progress] 9% setup compilation MergeDuplicateChunksPlugin
<s> [webpack.Progress] 9% setup compilation SideEffectsFlagPlugin
<s> [webpack.Progress] 9% setup compilation FlagDependencyExportsPlugin
<s> [webpack.Progress] 9% setup compilation NamedModuleIdsPlugin
<s> [webpack.Progress] 9% setup compilation NamedChunkIdsPlugin
<s> [webpack.Progress] 9% setup compilation DefinePlugin
<s> [webpack.Progress] 9% setup compilation TemplatedPathPlugin
<s> [webpack.Progress] 9% setup compilation RecordIdsPlugin
<s> [webpack.Progress] 9% setup compilation WarnCaseSensitiveModulesPlugin
<s> [webpack.Progress] 9% setup compilation IgnoreWarningsPlugin
<s> [webpack.Progress] 9% setup compilation ProgressPlugin
<s> [webpack.Progress] 9% setup compilation
<s> [webpack.Progress] 10% building
<s> [webpack.Progress] 10% building 0/1 entries 0/0 dependencies 0/0 modules
<s> [webpack.Progress] 13% building 1/2 entries 36/36 dependencies 67/14 modules
<s> [webpack.Progress] 65% building 2/2 entries 1673/1673 dependencies 1437/929 modules
<s> [webpack.Progress] 65% building
<s> [webpack.Progress] 69% building finish
<s> [webpack.Progress] 69% building finish
<s> [webpack.Progress] 70% sealing finish module graph
<s> [webpack.Progress] 70% sealing finish module graph ResolverCachePlugin
<s> [webpack.Progress] 70% sealing finish module graph InferAsyncModulesPlugin
<s> [webpack.Progress] 70% sealing finish module graph FlagDependencyExportsPlugin
<s> [webpack.Progress] 70% sealing finish module graph
<s> [webpack.Progress] 70% sealing plugins
<s> [webpack.Progress] 70% sealing plugins WarnCaseSensitiveModulesPlugin
<s> [webpack.Progress] 70% sealing plugins
<s> [webpack.Progress] 71% sealing dependencies optimization
<s> [webpack.Progress] 71% sealing dependencies optimization SideEffectsFlagPlugin
<s> [webpack.Progress] 71% sealing dependencies optimization
<s> [webpack.Progress] 71% sealing after dependencies optimization
<s> [webpack.Progress] 71% sealing after dependencies optimization
<s> [webpack.Progress] 72% sealing chunk graph
<s> [webpack.Progress] 72% sealing chunk graph
<s> [webpack.Progress] 73% sealing after chunk graph
<s> [webpack.Progress] 73% sealing after chunk graph
<s> [webpack.Progress] 73% sealing optimizing
<s> [webpack.Progress] 73% sealing optimizing
<s> [webpack.Progress] 74% sealing module optimization
<s> [webpack.Progress] 74% sealing module optimization
<s> [webpack.Progress] 75% sealing after module optimization
<s> [webpack.Progress] 75% sealing after module optimization
<s> [webpack.Progress] 75% sealing chunk optimization
<s> [webpack.Progress] 75% sealing chunk optimization EnsureChunkConditionsPlugin
<s> [webpack.Progress] 75% sealing chunk optimization RemoveEmptyChunksPlugin
<s> [webpack.Progress] 75% sealing chunk optimization MergeDuplicateChunksPlugin
<s> [webpack.Progress] 75% sealing chunk optimization SplitChunksPlugin
<s> [webpack.Progress] 75% sealing chunk optimization RemoveEmptyChunksPlugin
<s> [webpack.Progress] 75% sealing chunk optimization
<s> [webpack.Progress] 76% sealing after chunk optimization
<s> [webpack.Progress] 76% sealing after chunk optimization
<s> [webpack.Progress] 77% sealing module and chunk tree optimization
<s> [webpack.Progress] 77% sealing module and chunk tree optimization PersistentChildCompilerSingletonPlugin
<s> [webpack.Progress] 77% sealing module and chunk tree optimization
<s> [webpack.Progress] 77% sealing after module and chunk tree optimization
<s> [webpack.Progress] 77% sealing after module and chunk tree optimization
<s> [webpack.Progress] 78% sealing chunk modules optimization
<s> [webpack.Progress] 78% sealing chunk modules optimization
<s> [webpack.Progress] 78% sealing after chunk modules optimization
<s> [webpack.Progress] 78% sealing after chunk modules optimization
<s> [webpack.Progress] 79% sealing module reviving
<s> [webpack.Progress] 79% sealing module reviving RecordIdsPlugin
<s> [webpack.Progress] 79% sealing module reviving
<s> [webpack.Progress] 80% sealing before module ids
<s> [webpack.Progress] 80% sealing before module ids
<s> [webpack.Progress] 80% sealing module ids
<s> [webpack.Progress] 80% sealing module ids NamedModuleIdsPlugin
<s> [webpack.Progress] 80% sealing module ids
<s> [webpack.Progress] 81% sealing module id optimization
<s> [webpack.Progress] 81% sealing module id optimization
<s> [webpack.Progress] 82% sealing module id optimization
<s> [webpack.Progress] 82% sealing module id optimization
<s> [webpack.Progress] 82% sealing chunk reviving
<s> [webpack.Progress] 82% sealing chunk reviving RecordIdsPlugin
<s> [webpack.Progress] 82% sealing chunk reviving
<s> [webpack.Progress] 83% sealing before chunk ids
<s> [webpack.Progress] 83% sealing before chunk ids
<s> [webpack.Progress] 84% sealing chunk ids
<s> [webpack.Progress] 84% sealing chunk ids NamedChunkIdsPlugin
<s> [webpack.Progress] 84% sealing chunk ids
<s> [webpack.Progress] 84% sealing chunk id optimization
<s> [webpack.Progress] 84% sealing chunk id optimization
<s> [webpack.Progress] 85% sealing after chunk id optimization
<s> [webpack.Progress] 85% sealing after chunk id optimization
<s> [webpack.Progress] 86% sealing record modules
<s> [webpack.Progress] 86% sealing record modules RecordIdsPlugin
<s> [webpack.Progress] 86% sealing record modules
<s> [webpack.Progress] 86% sealing record chunks
<s> [webpack.Progress] 86% sealing record chunks RecordIdsPlugin
<s> [webpack.Progress] 86% sealing record chunks
<s> [webpack.Progress] 87% sealing module hashing
<s> [webpack.Progress] 87% sealing module hashing
<s> [webpack.Progress] 87% sealing code generation
<s> [webpack.Progress] 87% sealing code generation
<s> [webpack.Progress] 88% sealing runtime requirements
<s> [webpack.Progress] 88% sealing runtime requirements
<s> [webpack.Progress] 89% sealing hashing
<s> [webpack.Progress] 89% sealing hashing
<s> [webpack.Progress] 89% sealing after hashing
<s> [webpack.Progress] 89% sealing after hashing
<s> [webpack.Progress] 90% sealing record hash
<s> [webpack.Progress] 90% sealing record hash
<s> [webpack.Progress] 91% sealing module assets processing
<s> [webpack.Progress] 91% sealing module assets processing
<s> [webpack.Progress] 91% sealing chunk assets processing
<s> [webpack.Progress] 91% sealing chunk assets processing
<s> [webpack.Progress] 92% sealing asset processing
<s> [webpack.Progress] 92% sealing asset processing HotModuleReplacementPlugin
<s> [webpack.Progress] 92% sealing asset processing PersistentChildCompilerSingletonPlugin
<s> [webpack.Progress] 92% sealing asset processing SourceMapDevToolPlugin
<s> [webpack.Progress] 92% sealing asset processing HtmlWebpackPlugin
<s> [webpack.Progress] 92% sealing asset processing
<s> [webpack.Progress] 93% sealing after asset optimization
<s> [webpack.Progress] 93% sealing after asset optimization
<s> [webpack.Progress] 93% sealing recording
<s> [webpack.Progress] 93% sealing recording HotModuleReplacementPlugin
<s> [webpack.Progress] 93% sealing recording
<s> [webpack.Progress] 94% sealing after seal
<s> [webpack.Progress] 94% sealing after seal
<s> [webpack.Progress] 95% emitting emit
<s> [webpack.Progress] 95% emitting emit DevMiddleware
<s> [webpack.Progress] 95% emitting emit
<s> [webpack.Progress] 98% emitting after emit
<s> [webpack.Progress] 98% emitting after emit SizeLimitsPlugin
<s> [webpack.Progress] 98% emitting after emit
<s> [webpack.Progress] 99% done plugins
<s> [webpack.Progress] 99% done plugins CaseSensitivePathsPlugin
<s> [webpack.Progress] 99% done plugins webpack-dev-middleware
<s> [webpack.Progress] 99% done plugins webpack-hot-middleware
<s> [webpack.Progress] 99% done plugins
<s> [webpack.Progress] 99% 

<s> [webpack.Progress] 99% cache store build dependencies
<s> [webpack.Progress] 99% cache store build dependencies
<s> [webpack.Progress] 99% cache begin idle
<s> [webpack.Progress] 99% cache begin idle
<s> [webpack.Progress] 100% 

<s> [webpack.Progress] 0% 

<s> [webpack.Progress] 1% cache end idle
<s> [webpack.Progress] 1% cache end idle
<s> [webpack.Progress] 3% setup watch run
<s> [webpack.Progress] 3% setup watch run VirtualModulesPlugin
<s> [webpack.Progress] 3% setup watch run webpack-dev-middleware
<s> [webpack.Progress] 3% setup watch run
<s> [webpack.Progress] 4% setup normal module factory
<s> [webpack.Progress] 4% setup normal module factory CaseSensitivePathsPlugin
<s> [webpack.Progress] 4% setup normal module factory
<s> [webpack.Progress] 5% setup context module factory
<s> [webpack.Progress] 5% setup context module factory
<s> [webpack.Progress] 6% setup before compile
<s> [webpack.Progress] 6% setup before compile ProgressPlugin
<s> [webpack.Progress] 6% setup before compile ProgressPlugin
<s> [webpack.Progress] 6% setup before compile
<s> [webpack.Progress] 7% setup compile
<s> [webpack.Progress] 7% setup compile ExternalsPlugin
<s> [webpack.Progress] 7% setup compile ExternalsPlugin
<s> [webpack.Progress] 7% setup compile
<s> [webpack.Progress] 8% setup compilation
<s> [webpack.Progress] 8% setup compilation HtmlWebpackPlugin
<s> [webpack.Progress] 8% setup compilation unplugin-csf
<s> [webpack.Progress] 8% setup compilation ArrayPushCallbackChunkFormatPlugin
<s> [webpack.Progress] 8% setup compilation JsonpChunkLoadingPlugin
<s> [webpack.Progress] 8% setup compilation StartupChunkDependenciesPlugin
<s> [webpack.Progress] 8% setup compilation ImportScriptsChunkLoadingPlugin
<s> [webpack.Progress] 8% setup compilation WorkerPlugin
<s> [webpack.Progress] 8% setup compilation SplitChunksPlugin
<s> [webpack.Progress] 8% setup compilation RuntimeChunkPlugin
<s> [webpack.Progress] 8% setup compilation ResolverCachePlugin
<s> [webpack.Progress] 8% setup compilation
<s> [webpack.Progress] 9% setup compilation
<s> [webpack.Progress] 9% setup compilation DefinePlugin
<s> [webpack.Progress] 9% setup compilation ProvidePlugin
<s> [webpack.Progress] 9% setup compilation HotModuleReplacementPlugin
<s> [webpack.Progress] 9% setup compilation ProgressPlugin
<s> [webpack.Progress] 9% setup compilation vue-loader-plugin
<s> [webpack.Progress] 9% setup compilation DefinePlugin
<s> [webpack.Progress] 9% setup compilation ExternalsPlugin
<s> [webpack.Progress] 9% setup compilation ExternalsPlugin
<s> [webpack.Progress] 9% setup compilation ChunkPrefetchPreloadPlugin
<s> [webpack.Progress] 9% setup compilation ModuleInfoHeaderPlugin
<s> [webpack.Progress] 9% setup compilation SourceMapDevToolPlugin
<s> [webpack.Progress] 9% setup compilation JavascriptModulesPlugin
<s> [webpack.Progress] 9% setup compilation JsonModulesPlugin
<s> [webpack.Progress] 9% setup compilation AssetModulesPlugin
<s> [webpack.Progress] 9% setup compilation EntryPlugin
<s> [webpack.Progress] 9% setup compilation EntryPlugin
<s> [webpack.Progress] 9% setup compilation RuntimePlugin
<s> [webpack.Progress] 9% setup compilation InferAsyncModulesPlugin
<s> [webpack.Progress] 9% setup compilation DataUriPlugin
<s> [webpack.Progress] 9% setup compilation FileUriPlugin
<s> [webpack.Progress] 9% setup compilation CompatibilityPlugin
<s> [webpack.Progress] 9% setup compilation HarmonyModulesPlugin
<s> [webpack.Progress] 9% setup compilation AMDPlugin
<s> [webpack.Progress] 9% setup compilation RequireJsStuffPlugin
<s> [webpack.Progress] 9% setup compilation CommonJsPlugin
<s> [webpack.Progress] 9% setup compilation LoaderPlugin
<s> [webpack.Progress] 9% setup compilation LoaderPlugin
<s> [webpack.Progress] 9% setup compilation NodeStuffPlugin
<s> [webpack.Progress] 9% setup compilation APIPlugin
<s> [webpack.Progress] 9% setup compilation ExportsInfoApiPlugin
<s> [webpack.Progress] 9% setup compilation WebpackIsIncludedPlugin
<s> [webpack.Progress] 9% setup compilation ConstPlugin
<s> [webpack.Progress] 9% setup compilation UseStrictPlugin
<s> [webpack.Progress] 9% setup compilation RequireIncludePlugin
<s> [webpack.Progress] 9% setup compilation RequireEnsurePlugin
<s> [webpack.Progress] 9% setup compilation RequireContextPlugin
<s> [webpack.Progress] 9% setup compilation ImportPlugin
<s> [webpack.Progress] 9% setup compilation ImportMetaContextPlugin
<s> [webpack.Progress] 9% setup compilation SystemPlugin
<s> [webpack.Progress] 9% setup compilation ImportMetaPlugin
<s> [webpack.Progress] 9% setup compilation URLPlugin
<s> [webpack.Progress] 9% setup compilation DefaultStatsFactoryPlugin
<s> [webpack.Progress] 9% setup compilation DefaultStatsPresetPlugin
<s> [webpack.Progress] 9% setup compilation DefaultStatsPrinterPlugin
<s> [webpack.Progress] 9% setup compilation JavascriptMetaInfoPlugin
<s> [webpack.Progress] 9% setup compilation EnsureChunkConditionsPlugin
<s> [webpack.Progress] 9% setup compilation RemoveEmptyChunksPlugin
<s> [webpack.Progress] 9% setup compilation MergeDuplicateChunksPlugin
<s> [webpack.Progress] 9% setup compilation SideEffectsFlagPlugin
<s> [webpack.Progress] 9% setup compilation FlagDependencyExportsPlugin
<s> [webpack.Progress] 9% setup compilation NamedModuleIdsPlugin
<s> [webpack.Progress] 9% setup compilation NamedChunkIdsPlugin
<s> [webpack.Progress] 9% setup compilation DefinePlugin
<s> [webpack.Progress] 9% setup compilation TemplatedPathPlugin
<s> [webpack.Progress] 9% setup compilation RecordIdsPlugin
<s> [webpack.Progress] 9% setup compilation WarnCaseSensitiveModulesPlugin
<s> [webpack.Progress] 9% setup compilation IgnoreWarningsPlugin
<s> [webpack.Progress] 9% setup compilation ProgressPlugin
<s> [webpack.Progress] 9% setup compilation
<s> [webpack.Progress] 10% building
<s> [webpack.Progress] 10% building 0/1 entries 0/0 dependencies 0/0 modules
<s> [webpack.Progress] 14% building 1/2 entries 36/36 dependencies 84/14 modules
<s> [webpack.Progress] 65% building 2/2 entries 1673/1673 dependencies 1437/929 modules
<s> [webpack.Progress] 65% building
<s> [webpack.Progress] 69% building finish
<s> [webpack.Progress] 69% building finish
<s> [webpack.Progress] 70% sealing finish module graph
<s> [webpack.Progress] 70% sealing finish module graph ResolverCachePlugin
<s> [webpack.Progress] 70% sealing finish module graph InferAsyncModulesPlugin
<s> [webpack.Progress] 70% sealing finish module graph FlagDependencyExportsPlugin
<s> [webpack.Progress] 70% sealing finish module graph
<s> [webpack.Progress] 70% sealing plugins
<s> [webpack.Progress] 70% sealing plugins WarnCaseSensitiveModulesPlugin
<s> [webpack.Progress] 70% sealing plugins
<s> [webpack.Progress] 71% sealing dependencies optimization
<s> [webpack.Progress] 71% sealing dependencies optimization SideEffectsFlagPlugin
<s> [webpack.Progress] 71% sealing dependencies optimization
<s> [webpack.Progress] 71% sealing after dependencies optimization
<s> [webpack.Progress] 71% sealing after dependencies optimization
<s> [webpack.Progress] 72% sealing chunk graph
<s> [webpack.Progress] 72% sealing chunk graph
<s> [webpack.Progress] 73% sealing after chunk graph
<s> [webpack.Progress] 73% sealing after chunk graph
<s> [webpack.Progress] 73% sealing optimizing
<s> [webpack.Progress] 73% sealing optimizing
<s> [webpack.Progress] 74% sealing module optimization
<s> [webpack.Progress] 74% sealing module optimization
<s> [webpack.Progress] 75% sealing after module optimization
<s> [webpack.Progress] 75% sealing after module optimization
<s> [webpack.Progress] 75% sealing chunk optimization
<s> [webpack.Progress] 75% sealing chunk optimization EnsureChunkConditionsPlugin
<s> [webpack.Progress] 75% sealing chunk optimization RemoveEmptyChunksPlugin
<s> [webpack.Progress] 75% sealing chunk optimization MergeDuplicateChunksPlugin
<s> [webpack.Progress] 75% sealing chunk optimization SplitChunksPlugin
<s> [webpack.Progress] 75% sealing chunk optimization RemoveEmptyChunksPlugin
<s> [webpack.Progress] 75% sealing chunk optimization
<s> [webpack.Progress] 76% sealing after chunk optimization
<s> [webpack.Progress] 76% sealing after chunk optimization
<s> [webpack.Progress] 77% sealing module and chunk tree optimization
<s> [webpack.Progress] 77% sealing module and chunk tree optimization PersistentChildCompilerSingletonPlugin
<s> [webpack.Progress] 77% sealing module and chunk tree optimization
<s> [webpack.Progress] 77% sealing after module and chunk tree optimization
<s> [webpack.Progress] 77% sealing after module and chunk tree optimization
<s> [webpack.Progress] 78% sealing chunk modules optimization
<s> [webpack.Progress] 78% sealing chunk modules optimization
<s> [webpack.Progress] 78% sealing after chunk modules optimization
<s> [webpack.Progress] 78% sealing after chunk modules optimization
<s> [webpack.Progress] 79% sealing module reviving
<s> [webpack.Progress] 79% sealing module reviving RecordIdsPlugin
<s> [webpack.Progress] 79% sealing module reviving
<s> [webpack.Progress] 80% sealing before module ids
<s> [webpack.Progress] 80% sealing before module ids
<s> [webpack.Progress] 80% sealing module ids
<s> [webpack.Progress] 80% sealing module ids NamedModuleIdsPlugin
<s> [webpack.Progress] 80% sealing module ids
<s> [webpack.Progress] 81% sealing module id optimization
<s> [webpack.Progress] 81% sealing module id optimization
<s> [webpack.Progress] 82% sealing module id optimization
<s> [webpack.Progress] 82% sealing module id optimization
<s> [webpack.Progress] 82% sealing chunk reviving
<s> [webpack.Progress] 82% sealing chunk reviving RecordIdsPlugin
<s> [webpack.Progress] 82% sealing chunk reviving
<s> [webpack.Progress] 83% sealing before chunk ids
<s> [webpack.Progress] 83% sealing before chunk ids
<s> [webpack.Progress] 84% sealing chunk ids
<s> [webpack.Progress] 84% sealing chunk ids NamedChunkIdsPlugin
<s> [webpack.Progress] 84% sealing chunk ids
<s> [webpack.Progress] 84% sealing chunk id optimization
<s> [webpack.Progress] 84% sealing chunk id optimization
<s> [webpack.Progress] 85% sealing after chunk id optimization
<s> [webpack.Progress] 85% sealing after chunk id optimization
<s> [webpack.Progress] 86% sealing record modules
<s> [webpack.Progress] 86% sealing record modules RecordIdsPlugin
<s> [webpack.Progress] 86% sealing record modules
<s> [webpack.Progress] 86% sealing record chunks
<s> [webpack.Progress] 86% sealing record chunks RecordIdsPlugin
<s> [webpack.Progress] 86% sealing record chunks
<s> [webpack.Progress] 87% sealing module hashing
<s> [webpack.Progress] 87% sealing module hashing
<s> [webpack.Progress] 87% sealing code generation
<s> [webpack.Progress] 87% sealing code generation
<s> [webpack.Progress] 88% sealing runtime requirements
<s> [webpack.Progress] 88% sealing runtime requirements
<s> [webpack.Progress] 89% sealing hashing
<s> [webpack.Progress] 89% sealing hashing
<s> [webpack.Progress] 89% sealing after hashing
<s> [webpack.Progress] 89% sealing after hashing
<s> [webpack.Progress] 90% sealing record hash
<s> [webpack.Progress] 90% sealing record hash
<s> [webpack.Progress] 91% sealing module assets processing
<s> [webpack.Progress] 91% sealing module assets processing
<s> [webpack.Progress] 91% sealing chunk assets processing
<s> [webpack.Progress] 91% sealing chunk assets processing
<s> [webpack.Progress] 92% sealing asset processing
<s> [webpack.Progress] 92% sealing asset processing HotModuleReplacementPlugin
<s> [webpack.Progress] 92% sealing asset processing PersistentChildCompilerSingletonPlugin
<s> [webpack.Progress] 92% sealing asset processing SourceMapDevToolPlugin
<s> [webpack.Progress] 92% sealing asset processing HtmlWebpackPlugin
<s> [webpack.Progress] 92% sealing asset processing
<s> [webpack.Progress] 93% sealing after asset optimization
<s> [webpack.Progress] 93% sealing after asset optimization
<s> [webpack.Progress] 93% sealing recording
<s> [webpack.Progress] 93% sealing recording HotModuleReplacementPlugin
<s> [webpack.Progress] 93% sealing recording
<s> [webpack.Progress] 94% sealing after seal
<s> [webpack.Progress] 94% sealing after seal
<s> [webpack.Progress] 95% emitting emit
<s> [webpack.Progress] 95% emitting emit DevMiddleware
<s> [webpack.Progress] 95% emitting emit
<s> [webpack.Progress] 98% emitting after emit
<s> [webpack.Progress] 98% emitting after emit SizeLimitsPlugin
<s> [webpack.Progress] 98% emitting after emit
<s> [webpack.Progress] 99% done plugins
<s> [webpack.Progress] 99% done plugins CaseSensitivePathsPlugin
<s> [webpack.Progress] 99% done plugins webpack-dev-middleware
<s> [webpack.Progress] 99% done plugins webpack-hot-middleware
<s> [webpack.Progress] 99% done plugins
<s> [webpack.Progress] 99% 

<s> [webpack.Progress] 99% cache store build dependencies
<s> [webpack.Progress] 99% cache store build dependencies
<s> [webpack.Progress] 99% cache begin idle
<s> [webpack.Progress] 99% cache begin idle
<s> [webpack.Progress] 100% 

<s> [webpack.Progress] 0% 

<s> [webpack.Progress] 1% cache end idle
<s> [webpack.Progress] 1% cache end idle
<s> [webpack.Progress] 3% setup watch run
<s> [webpack.Progress] 3% setup watch run VirtualModulesPlugin
<s> [webpack.Progress] 3% setup watch run webpack-dev-middleware
<s> [webpack.Progress] 3% setup watch run
<s> [webpack.Progress] 4% setup normal module factory
<s> [webpack.Progress] 4% setup normal module factory CaseSensitivePathsPlugin
<s> [webpack.Progress] 4% setup normal module factory
<s> [webpack.Progress] 5% setup context module factory
<s> [webpack.Progress] 5% setup context module factory
<s> [webpack.Progress] 6% setup before compile
<s> [webpack.Progress] 6% setup before compile ProgressPlugin
<s> [webpack.Progress] 6% setup before compile ProgressPlugin
<s> [webpack.Progress] 6% setup before compile
<s> [webpack.Progress] 7% setup compile
<s> [webpack.Progress] 7% setup compile ExternalsPlugin
<s> [webpack.Progress] 7% setup compile ExternalsPlugin
<s> [webpack.Progress] 7% setup compile
<s> [webpack.Progress] 8% setup compilation
<s> [webpack.Progress] 8% setup compilation HtmlWebpackPlugin
<s> [webpack.Progress] 8% setup compilation unplugin-csf
<s> [webpack.Progress] 8% setup compilation ArrayPushCallbackChunkFormatPlugin
<s> [webpack.Progress] 8% setup compilation JsonpChunkLoadingPlugin
<s> [webpack.Progress] 8% setup compilation StartupChunkDependenciesPlugin
<s> [webpack.Progress] 8% setup compilation ImportScriptsChunkLoadingPlugin
<s> [webpack.Progress] 8% setup compilation WorkerPlugin
<s> [webpack.Progress] 8% setup compilation SplitChunksPlugin
<s> [webpack.Progress] 8% setup compilation RuntimeChunkPlugin
<s> [webpack.Progress] 8% setup compilation ResolverCachePlugin
<s> [webpack.Progress] 8% setup compilation
<s> [webpack.Progress] 9% setup compilation
<s> [webpack.Progress] 9% setup compilation DefinePlugin
<s> [webpack.Progress] 9% setup compilation ProvidePlugin
<s> [webpack.Progress] 9% setup compilation HotModuleReplacementPlugin
<s> [webpack.Progress] 9% setup compilation ProgressPlugin
<s> [webpack.Progress] 9% setup compilation vue-loader-plugin
<s> [webpack.Progress] 9% setup compilation DefinePlugin
<s> [webpack.Progress] 9% setup compilation ExternalsPlugin
<s> [webpack.Progress] 9% setup compilation ExternalsPlugin
<s> [webpack.Progress] 9% setup compilation ChunkPrefetchPreloadPlugin
<s> [webpack.Progress] 9% setup compilation ModuleInfoHeaderPlugin
<s> [webpack.Progress] 9% setup compilation SourceMapDevToolPlugin
<s> [webpack.Progress] 9% setup compilation JavascriptModulesPlugin
<s> [webpack.Progress] 9% setup compilation JsonModulesPlugin
<s> [webpack.Progress] 9% setup compilation AssetModulesPlugin
<s> [webpack.Progress] 9% setup compilation EntryPlugin
<s> [webpack.Progress] 9% setup compilation EntryPlugin
<s> [webpack.Progress] 9% setup compilation RuntimePlugin
<s> [webpack.Progress] 9% setup compilation InferAsyncModulesPlugin
<s> [webpack.Progress] 9% setup compilation DataUriPlugin
<s> [webpack.Progress] 9% setup compilation FileUriPlugin
<s> [webpack.Progress] 9% setup compilation CompatibilityPlugin
<s> [webpack.Progress] 9% setup compilation HarmonyModulesPlugin
<s> [webpack.Progress] 9% setup compilation AMDPlugin
<s> [webpack.Progress] 9% setup compilation RequireJsStuffPlugin
<s> [webpack.Progress] 9% setup compilation CommonJsPlugin
<s> [webpack.Progress] 9% setup compilation LoaderPlugin
<s> [webpack.Progress] 9% setup compilation LoaderPlugin
<s> [webpack.Progress] 9% setup compilation NodeStuffPlugin
<s> [webpack.Progress] 9% setup compilation APIPlugin
<s> [webpack.Progress] 9% setup compilation ExportsInfoApiPlugin
<s> [webpack.Progress] 9% setup compilation WebpackIsIncludedPlugin
<s> [webpack.Progress] 9% setup compilation ConstPlugin
<s> [webpack.Progress] 9% setup compilation UseStrictPlugin
<s> [webpack.Progress] 9% setup compilation RequireIncludePlugin
<s> [webpack.Progress] 9% setup compilation RequireEnsurePlugin
<s> [webpack.Progress] 9% setup compilation RequireContextPlugin
<s> [webpack.Progress] 9% setup compilation ImportPlugin
<s> [webpack.Progress] 9% setup compilation ImportMetaContextPlugin
<s> [webpack.Progress] 9% setup compilation SystemPlugin
<s> [webpack.Progress] 9% setup compilation ImportMetaPlugin
<s> [webpack.Progress] 9% setup compilation URLPlugin
<s> [webpack.Progress] 9% setup compilation DefaultStatsFactoryPlugin
<s> [webpack.Progress] 9% setup compilation DefaultStatsPresetPlugin
<s> [webpack.Progress] 9% setup compilation DefaultStatsPrinterPlugin
<s> [webpack.Progress] 9% setup compilation JavascriptMetaInfoPlugin
<s> [webpack.Progress] 9% setup compilation EnsureChunkConditionsPlugin
<s> [webpack.Progress] 9% setup compilation RemoveEmptyChunksPlugin
<s> [webpack.Progress] 9% setup compilation MergeDuplicateChunksPlugin
<s> [webpack.Progress] 9% setup compilation SideEffectsFlagPlugin
<s> [webpack.Progress] 9% setup compilation FlagDependencyExportsPlugin
<s> [webpack.Progress] 9% setup compilation NamedModuleIdsPlugin
<s> [webpack.Progress] 9% setup compilation NamedChunkIdsPlugin
<s> [webpack.Progress] 9% setup compilation DefinePlugin
<s> [webpack.Progress] 9% setup compilation TemplatedPathPlugin
<s> [webpack.Progress] 9% setup compilation RecordIdsPlugin
<s> [webpack.Progress] 9% setup compilation WarnCaseSensitiveModulesPlugin
<s> [webpack.Progress] 9% setup compilation IgnoreWarningsPlugin
<s> [webpack.Progress] 9% setup compilation ProgressPlugin
<s> [webpack.Progress] 9% setup compilation
<s> [webpack.Progress] 10% building
<s> [webpack.Progress] 10% building 0/1 entries 0/0 dependencies 0/0 modules
<s> [webpack.Progress] 13% building 1/2 entries 36/36 dependencies 64/14 modules
<s> [webpack.Progress] 65% building 2/2 entries 1673/1673 dependencies 1437/929 modules
<s> [webpack.Progress] 65% building
<s> [webpack.Progress] 69% building finish
<s> [webpack.Progress] 69% building finish
<s> [webpack.Progress] 70% sealing finish module graph
<s> [webpack.Progress] 70% sealing finish module graph ResolverCachePlugin
<s> [webpack.Progress] 70% sealing finish module graph InferAsyncModulesPlugin
<s> [webpack.Progress] 70% sealing finish module graph FlagDependencyExportsPlugin
<s> [webpack.Progress] 70% sealing finish module graph
<s> [webpack.Progress] 70% sealing plugins
<s> [webpack.Progress] 70% sealing plugins WarnCaseSensitiveModulesPlugin
<s> [webpack.Progress] 70% sealing plugins
<s> [webpack.Progress] 71% sealing dependencies optimization
<s> [webpack.Progress] 71% sealing dependencies optimization SideEffectsFlagPlugin
<s> [webpack.Progress] 71% sealing dependencies optimization
<s> [webpack.Progress] 71% sealing after dependencies optimization
<s> [webpack.Progress] 71% sealing after dependencies optimization
<s> [webpack.Progress] 72% sealing chunk graph
<s> [webpack.Progress] 72% sealing chunk graph
<s> [webpack.Progress] 73% sealing after chunk graph
<s> [webpack.Progress] 73% sealing after chunk graph
<s> [webpack.Progress] 73% sealing optimizing
<s> [webpack.Progress] 73% sealing optimizing
<s> [webpack.Progress] 74% sealing module optimization
<s> [webpack.Progress] 74% sealing module optimization
<s> [webpack.Progress] 75% sealing after module optimization
<s> [webpack.Progress] 75% sealing after module optimization
<s> [webpack.Progress] 75% sealing chunk optimization
<s> [webpack.Progress] 75% sealing chunk optimization EnsureChunkConditionsPlugin
<s> [webpack.Progress] 75% sealing chunk optimization RemoveEmptyChunksPlugin
<s> [webpack.Progress] 75% sealing chunk optimization MergeDuplicateChunksPlugin
<s> [webpack.Progress] 75% sealing chunk optimization SplitChunksPlugin
<s> [webpack.Progress] 75% sealing chunk optimization RemoveEmptyChunksPlugin
<s> [webpack.Progress] 75% sealing chunk optimization
<s> [webpack.Progress] 76% sealing after chunk optimization
<s> [webpack.Progress] 76% sealing after chunk optimization
<s> [webpack.Progress] 77% sealing module and chunk tree optimization
<s> [webpack.Progress] 77% sealing module and chunk tree optimization PersistentChildCompilerSingletonPlugin
<s> [webpack.Progress] 77% sealing module and chunk tree optimization
<s> [webpack.Progress] 77% sealing after module and chunk tree optimization
<s> [webpack.Progress] 77% sealing after module and chunk tree optimization
<s> [webpack.Progress] 78% sealing chunk modules optimization
<s> [webpack.Progress] 78% sealing chunk modules optimization
<s> [webpack.Progress] 78% sealing after chunk modules optimization
<s> [webpack.Progress] 78% sealing after chunk modules optimization
<s> [webpack.Progress] 79% sealing module reviving
<s> [webpack.Progress] 79% sealing module reviving RecordIdsPlugin
<s> [webpack.Progress] 79% sealing module reviving
<s> [webpack.Progress] 80% sealing before module ids
<s> [webpack.Progress] 80% sealing before module ids
<s> [webpack.Progress] 80% sealing module ids
<s> [webpack.Progress] 80% sealing module ids NamedModuleIdsPlugin
<s> [webpack.Progress] 80% sealing module ids
<s> [webpack.Progress] 81% sealing module id optimization
<s> [webpack.Progress] 81% sealing module id optimization
<s> [webpack.Progress] 82% sealing module id optimization
<s> [webpack.Progress] 82% sealing module id optimization
<s> [webpack.Progress] 82% sealing chunk reviving
<s> [webpack.Progress] 82% sealing chunk reviving RecordIdsPlugin
<s> [webpack.Progress] 82% sealing chunk reviving
<s> [webpack.Progress] 83% sealing before chunk ids
<s> [webpack.Progress] 83% sealing before chunk ids
<s> [webpack.Progress] 84% sealing chunk ids
<s> [webpack.Progress] 84% sealing chunk ids NamedChunkIdsPlugin
<s> [webpack.Progress] 84% sealing chunk ids
<s> [webpack.Progress] 84% sealing chunk id optimization
<s> [webpack.Progress] 84% sealing chunk id optimization
<s> [webpack.Progress] 85% sealing after chunk id optimization
<s> [webpack.Progress] 85% sealing after chunk id optimization
<s> [webpack.Progress] 86% sealing record modules
<s> [webpack.Progress] 86% sealing record modules RecordIdsPlugin
<s> [webpack.Progress] 86% sealing record modules
<s> [webpack.Progress] 86% sealing record chunks
<s> [webpack.Progress] 86% sealing record chunks RecordIdsPlugin
<s> [webpack.Progress] 86% sealing record chunks
<s> [webpack.Progress] 87% sealing module hashing
<s> [webpack.Progress] 87% sealing module hashing
<s> [webpack.Progress] 87% sealing code generation
<s> [webpack.Progress] 87% sealing code generation
<s> [webpack.Progress] 88% sealing runtime requirements
<s> [webpack.Progress] 88% sealing runtime requirements
<s> [webpack.Progress] 89% sealing hashing
<s> [webpack.Progress] 89% sealing hashing
<s> [webpack.Progress] 89% sealing after hashing
<s> [webpack.Progress] 89% sealing after hashing
<s> [webpack.Progress] 90% sealing record hash
<s> [webpack.Progress] 90% sealing record hash
<s> [webpack.Progress] 91% sealing module assets processing
<s> [webpack.Progress] 91% sealing module assets processing
<s> [webpack.Progress] 91% sealing chunk assets processing
<s> [webpack.Progress] 91% sealing chunk assets processing
<s> [webpack.Progress] 92% sealing asset processing
<s> [webpack.Progress] 92% sealing asset processing HotModuleReplacementPlugin
<s> [webpack.Progress] 92% sealing asset processing PersistentChildCompilerSingletonPlugin
<s> [webpack.Progress] 92% sealing asset processing SourceMapDevToolPlugin
<s> [webpack.Progress] 92% sealing asset processing HtmlWebpackPlugin
<s> [webpack.Progress] 92% sealing asset processing
<s> [webpack.Progress] 93% sealing after asset optimization
<s> [webpack.Progress] 93% sealing after asset optimization
<s> [webpack.Progress] 93% sealing recording
<s> [webpack.Progress] 93% sealing recording HotModuleReplacementPlugin
<s> [webpack.Progress] 93% sealing recording
<s> [webpack.Progress] 94% sealing after seal
<s> [webpack.Progress] 94% sealing after seal
<s> [webpack.Progress] 95% emitting emit
<s> [webpack.Progress] 95% emitting emit DevMiddleware
<s> [webpack.Progress] 95% emitting emit
<s> [webpack.Progress] 98% emitting after emit
<s> [webpack.Progress] 98% emitting after emit SizeLimitsPlugin
<s> [webpack.Progress] 98% emitting after emit
<s> [webpack.Progress] 99% done plugins
<s> [webpack.Progress] 99% done plugins CaseSensitivePathsPlugin
<s> [webpack.Progress] 99% done plugins webpack-dev-middleware
<s> [webpack.Progress] 99% done plugins webpack-hot-middleware
<s> [webpack.Progress] 99% done plugins
<s> [webpack.Progress] 99% 

<s> [webpack.Progress] 99% cache store build dependencies
<s> [webpack.Progress] 99% cache store build dependencies
<s> [webpack.Progress] 99% cache begin idle
<s> [webpack.Progress] 99% cache begin idle
<s> [webpack.Progress] 100% 

<s> [webpack.Progress] 0% 

<s> [webpack.Progress] 1% cache end idle
<s> [webpack.Progress] 1% cache end idle
<s> [webpack.Progress] 3% setup watch run
<s> [webpack.Progress] 3% setup watch run VirtualModulesPlugin
<s> [webpack.Progress] 3% setup watch run webpack-dev-middleware
<s> [webpack.Progress] 3% setup watch run
<s> [webpack.Progress] 4% setup normal module factory
<s> [webpack.Progress] 4% setup normal module factory CaseSensitivePathsPlugin
<s> [webpack.Progress] 4% setup normal module factory
<s> [webpack.Progress] 5% setup context module factory
<s> [webpack.Progress] 5% setup context module factory
<s> [webpack.Progress] 6% setup before compile
<s> [webpack.Progress] 6% setup before compile ProgressPlugin
<s> [webpack.Progress] 6% setup before compile ProgressPlugin
<s> [webpack.Progress] 6% setup before compile
<s> [webpack.Progress] 7% setup compile
<s> [webpack.Progress] 7% setup compile ExternalsPlugin
<s> [webpack.Progress] 7% setup compile ExternalsPlugin
<s> [webpack.Progress] 7% setup compile
<s> [webpack.Progress] 8% setup compilation
<s> [webpack.Progress] 8% setup compilation HtmlWebpackPlugin
<s> [webpack.Progress] 8% setup compilation unplugin-csf
<s> [webpack.Progress] 8% setup compilation ArrayPushCallbackChunkFormatPlugin
<s> [webpack.Progress] 8% setup compilation JsonpChunkLoadingPlugin
<s> [webpack.Progress] 8% setup compilation StartupChunkDependenciesPlugin
<s> [webpack.Progress] 8% setup compilation ImportScriptsChunkLoadingPlugin
<s> [webpack.Progress] 8% setup compilation WorkerPlugin
<s> [webpack.Progress] 8% setup compilation SplitChunksPlugin
<s> [webpack.Progress] 8% setup compilation RuntimeChunkPlugin
<s> [webpack.Progress] 8% setup compilation ResolverCachePlugin
<s> [webpack.Progress] 8% setup compilation
<s> [webpack.Progress] 9% setup compilation
<s> [webpack.Progress] 9% setup compilation DefinePlugin
<s> [webpack.Progress] 9% setup compilation ProvidePlugin
<s> [webpack.Progress] 9% setup compilation HotModuleReplacementPlugin
<s> [webpack.Progress] 9% setup compilation ProgressPlugin
<s> [webpack.Progress] 9% setup compilation vue-loader-plugin
<s> [webpack.Progress] 9% setup compilation DefinePlugin
<s> [webpack.Progress] 9% setup compilation ExternalsPlugin
<s> [webpack.Progress] 9% setup compilation ExternalsPlugin
<s> [webpack.Progress] 9% setup compilation ChunkPrefetchPreloadPlugin
<s> [webpack.Progress] 9% setup compilation ModuleInfoHeaderPlugin
<s> [webpack.Progress] 9% setup compilation SourceMapDevToolPlugin
<s> [webpack.Progress] 9% setup compilation JavascriptModulesPlugin
<s> [webpack.Progress] 9% setup compilation JsonModulesPlugin
<s> [webpack.Progress] 9% setup compilation AssetModulesPlugin
<s> [webpack.Progress] 9% setup compilation EntryPlugin
<s> [webpack.Progress] 9% setup compilation EntryPlugin
<s> [webpack.Progress] 9% setup compilation RuntimePlugin
<s> [webpack.Progress] 9% setup compilation InferAsyncModulesPlugin
<s> [webpack.Progress] 9% setup compilation DataUriPlugin
<s> [webpack.Progress] 9% setup compilation FileUriPlugin
<s> [webpack.Progress] 9% setup compilation CompatibilityPlugin
<s> [webpack.Progress] 9% setup compilation HarmonyModulesPlugin
<s> [webpack.Progress] 9% setup compilation AMDPlugin
<s> [webpack.Progress] 9% setup compilation RequireJsStuffPlugin
<s> [webpack.Progress] 9% setup compilation CommonJsPlugin
<s> [webpack.Progress] 9% setup compilation LoaderPlugin
<s> [webpack.Progress] 9% setup compilation LoaderPlugin
<s> [webpack.Progress] 9% setup compilation NodeStuffPlugin
<s> [webpack.Progress] 9% setup compilation APIPlugin
<s> [webpack.Progress] 9% setup compilation ExportsInfoApiPlugin
<s> [webpack.Progress] 9% setup compilation WebpackIsIncludedPlugin
<s> [webpack.Progress] 9% setup compilation ConstPlugin
<s> [webpack.Progress] 9% setup compilation UseStrictPlugin
<s> [webpack.Progress] 9% setup compilation RequireIncludePlugin
<s> [webpack.Progress] 9% setup compilation RequireEnsurePlugin
<s> [webpack.Progress] 9% setup compilation RequireContextPlugin
<s> [webpack.Progress] 9% setup compilation ImportPlugin
<s> [webpack.Progress] 9% setup compilation ImportMetaContextPlugin
<s> [webpack.Progress] 9% setup compilation SystemPlugin
<s> [webpack.Progress] 9% setup compilation ImportMetaPlugin
<s> [webpack.Progress] 9% setup compilation URLPlugin
<s> [webpack.Progress] 9% setup compilation DefaultStatsFactoryPlugin
<s> [webpack.Progress] 9% setup compilation DefaultStatsPresetPlugin
<s> [webpack.Progress] 9% setup compilation DefaultStatsPrinterPlugin
<s> [webpack.Progress] 9% setup compilation JavascriptMetaInfoPlugin
<s> [webpack.Progress] 9% setup compilation EnsureChunkConditionsPlugin
<s> [webpack.Progress] 9% setup compilation RemoveEmptyChunksPlugin
<s> [webpack.Progress] 9% setup compilation MergeDuplicateChunksPlugin
<s> [webpack.Progress] 9% setup compilation SideEffectsFlagPlugin
<s> [webpack.Progress] 9% setup compilation FlagDependencyExportsPlugin
<s> [webpack.Progress] 9% setup compilation NamedModuleIdsPlugin
<s> [webpack.Progress] 9% setup compilation NamedChunkIdsPlugin
<s> [webpack.Progress] 9% setup compilation DefinePlugin
<s> [webpack.Progress] 9% setup compilation TemplatedPathPlugin
<s> [webpack.Progress] 9% setup compilation RecordIdsPlugin
<s> [webpack.Progress] 9% setup compilation WarnCaseSensitiveModulesPlugin
<s> [webpack.Progress] 9% setup compilation IgnoreWarningsPlugin
<s> [webpack.Progress] 9% setup compilation ProgressPlugin
<s> [webpack.Progress] 9% setup compilation
<s> [webpack.Progress] 10% building
<s> [webpack.Progress] 10% building 0/1 entries 0/0 dependencies 0/0 modules
<s> [webpack.Progress] 15% building 1/2 entries 36/36 dependencies 89/14 modules
<s> [webpack.Progress] 65% building 2/2 entries 1673/1673 dependencies 1437/929 modules
<s> [webpack.Progress] 65% building
<s> [webpack.Progress] 69% building finish
<s> [webpack.Progress] 69% building finish
<s> [webpack.Progress] 70% sealing finish module graph
<s> [webpack.Progress] 70% sealing finish module graph ResolverCachePlugin
<s> [webpack.Progress] 70% sealing finish module graph InferAsyncModulesPlugin
<s> [webpack.Progress] 70% sealing finish module graph FlagDependencyExportsPlugin
<s> [webpack.Progress] 70% sealing finish module graph
<s> [webpack.Progress] 70% sealing plugins
<s> [webpack.Progress] 70% sealing plugins WarnCaseSensitiveModulesPlugin
<s> [webpack.Progress] 70% sealing plugins
<s> [webpack.Progress] 71% sealing dependencies optimization
<s> [webpack.Progress] 71% sealing dependencies optimization SideEffectsFlagPlugin
<s> [webpack.Progress] 71% sealing dependencies optimization
<s> [webpack.Progress] 71% sealing after dependencies optimization
<s> [webpack.Progress] 71% sealing after dependencies optimization
<s> [webpack.Progress] 72% sealing chunk graph
<s> [webpack.Progress] 72% sealing chunk graph
<s> [webpack.Progress] 73% sealing after chunk graph
<s> [webpack.Progress] 73% sealing after chunk graph
<s> [webpack.Progress] 73% sealing optimizing
<s> [webpack.Progress] 73% sealing optimizing
<s> [webpack.Progress] 74% sealing module optimization
<s> [webpack.Progress] 74% sealing module optimization
<s> [webpack.Progress] 75% sealing after module optimization
<s> [webpack.Progress] 75% sealing after module optimization
<s> [webpack.Progress] 75% sealing chunk optimization
<s> [webpack.Progress] 75% sealing chunk optimization EnsureChunkConditionsPlugin
<s> [webpack.Progress] 75% sealing chunk optimization RemoveEmptyChunksPlugin
<s> [webpack.Progress] 75% sealing chunk optimization MergeDuplicateChunksPlugin
<s> [webpack.Progress] 75% sealing chunk optimization SplitChunksPlugin
<s> [webpack.Progress] 75% sealing chunk optimization RemoveEmptyChunksPlugin
<s> [webpack.Progress] 75% sealing chunk optimization
<s> [webpack.Progress] 76% sealing after chunk optimization
<s> [webpack.Progress] 76% sealing after chunk optimization
<s> [webpack.Progress] 77% sealing module and chunk tree optimization
<s> [webpack.Progress] 77% sealing module and chunk tree optimization PersistentChildCompilerSingletonPlugin
<s> [webpack.Progress] 77% sealing module and chunk tree optimization
<s> [webpack.Progress] 77% sealing after module and chunk tree optimization
<s> [webpack.Progress] 77% sealing after module and chunk tree optimization
<s> [webpack.Progress] 78% sealing chunk modules optimization
<s> [webpack.Progress] 78% sealing chunk modules optimization
<s> [webpack.Progress] 78% sealing after chunk modules optimization
<s> [webpack.Progress] 78% sealing after chunk modules optimization
<s> [webpack.Progress] 79% sealing module reviving
<s> [webpack.Progress] 79% sealing module reviving RecordIdsPlugin
<s> [webpack.Progress] 79% sealing module reviving
<s> [webpack.Progress] 80% sealing before module ids
<s> [webpack.Progress] 80% sealing before module ids
<s> [webpack.Progress] 80% sealing module ids
<s> [webpack.Progress] 80% sealing module ids NamedModuleIdsPlugin
<s> [webpack.Progress] 80% sealing module ids
<s> [webpack.Progress] 81% sealing module id optimization
<s> [webpack.Progress] 81% sealing module id optimization
<s> [webpack.Progress] 82% sealing module id optimization
<s> [webpack.Progress] 82% sealing module id optimization
<s> [webpack.Progress] 82% sealing chunk reviving
<s> [webpack.Progress] 82% sealing chunk reviving RecordIdsPlugin
<s> [webpack.Progress] 82% sealing chunk reviving
<s> [webpack.Progress] 83% sealing before chunk ids
<s> [webpack.Progress] 83% sealing before chunk ids
<s> [webpack.Progress] 84% sealing chunk ids
<s> [webpack.Progress] 84% sealing chunk ids NamedChunkIdsPlugin
<s> [webpack.Progress] 84% sealing chunk ids
<s> [webpack.Progress] 84% sealing chunk id optimization
<s> [webpack.Progress] 84% sealing chunk id optimization
<s> [webpack.Progress] 85% sealing after chunk id optimization
<s> [webpack.Progress] 85% sealing after chunk id optimization
<s> [webpack.Progress] 86% sealing record modules
<s> [webpack.Progress] 86% sealing record modules RecordIdsPlugin
<s> [webpack.Progress] 86% sealing record modules
<s> [webpack.Progress] 86% sealing record chunks
<s> [webpack.Progress] 86% sealing record chunks RecordIdsPlugin
<s> [webpack.Progress] 86% sealing record chunks
<s> [webpack.Progress] 87% sealing module hashing
<s> [webpack.Progress] 87% sealing module hashing
<s> [webpack.Progress] 87% sealing code generation
<s> [webpack.Progress] 87% sealing code generation
<s> [webpack.Progress] 88% sealing runtime requirements
<s> [webpack.Progress] 88% sealing runtime requirements
<s> [webpack.Progress] 89% sealing hashing
<s> [webpack.Progress] 89% sealing hashing
<s> [webpack.Progress] 89% sealing after hashing
<s> [webpack.Progress] 89% sealing after hashing
<s> [webpack.Progress] 90% sealing record hash
<s> [webpack.Progress] 90% sealing record hash
<s> [webpack.Progress] 91% sealing module assets processing
<s> [webpack.Progress] 91% sealing module assets processing
<s> [webpack.Progress] 91% sealing chunk assets processing
<s> [webpack.Progress] 91% sealing chunk assets processing
<s> [webpack.Progress] 92% sealing asset processing
<s> [webpack.Progress] 92% sealing asset processing HotModuleReplacementPlugin
<s> [webpack.Progress] 92% sealing asset processing PersistentChildCompilerSingletonPlugin
<s> [webpack.Progress] 92% sealing asset processing SourceMapDevToolPlugin
<s> [webpack.Progress] 92% sealing asset processing HtmlWebpackPlugin
<s> [webpack.Progress] 92% sealing asset processing
<s> [webpack.Progress] 93% sealing after asset optimization
<s> [webpack.Progress] 93% sealing after asset optimization
<s> [webpack.Progress] 93% sealing recording
<s> [webpack.Progress] 93% sealing recording HotModuleReplacementPlugin
<s> [webpack.Progress] 93% sealing recording
<s> [webpack.Progress] 94% sealing after seal
<s> [webpack.Progress] 94% sealing after seal
<s> [webpack.Progress] 95% emitting emit
<s> [webpack.Progress] 95% emitting emit DevMiddleware
<s> [webpack.Progress] 95% emitting emit
<s> [webpack.Progress] 98% emitting after emit
<s> [webpack.Progress] 98% emitting after emit SizeLimitsPlugin
<s> [webpack.Progress] 98% emitting after emit
<s> [webpack.Progress] 99% done plugins
<s> [webpack.Progress] 99% done plugins CaseSensitivePathsPlugin
<s> [webpack.Progress] 99% done plugins webpack-dev-middleware
<s> [webpack.Progress] 99% done plugins webpack-hot-middleware
<s> [webpack.Progress] 99% done plugins
<s> [webpack.Progress] 99% 

<s> [webpack.Progress] 99% cache store build dependencies
<s> [webpack.Progress] 99% cache store build dependencies
<s> [webpack.Progress] 99% cache begin idle
<s> [webpack.Progress] 99% cache begin idle
<s> [webpack.Progress] 100% 

<s> [webpack.Progress] 0% 

<s> [webpack.Progress] 1% cache end idle
<s> [webpack.Progress] 1% cache end idle
<s> [webpack.Progress] 3% setup watch run
<s> [webpack.Progress] 3% setup watch run VirtualModulesPlugin
<s> [webpack.Progress] 3% setup watch run webpack-dev-middleware
<s> [webpack.Progress] 3% setup watch run
<s> [webpack.Progress] 4% setup normal module factory
<s> [webpack.Progress] 4% setup normal module factory CaseSensitivePathsPlugin
<s> [webpack.Progress] 4% setup normal module factory
<s> [webpack.Progress] 5% setup context module factory
<s> [webpack.Progress] 5% setup context module factory
<s> [webpack.Progress] 6% setup before compile
<s> [webpack.Progress] 6% setup before compile ProgressPlugin
<s> [webpack.Progress] 6% setup before compile ProgressPlugin
<s> [webpack.Progress] 6% setup before compile
<s> [webpack.Progress] 7% setup compile
<s> [webpack.Progress] 7% setup compile ExternalsPlugin
<s> [webpack.Progress] 7% setup compile ExternalsPlugin
<s> [webpack.Progress] 7% setup compile
<s> [webpack.Progress] 8% setup compilation
<s> [webpack.Progress] 8% setup compilation HtmlWebpackPlugin
<s> [webpack.Progress] 8% setup compilation unplugin-csf
<s> [webpack.Progress] 8% setup compilation ArrayPushCallbackChunkFormatPlugin
<s> [webpack.Progress] 8% setup compilation JsonpChunkLoadingPlugin
<s> [webpack.Progress] 8% setup compilation StartupChunkDependenciesPlugin
<s> [webpack.Progress] 8% setup compilation ImportScriptsChunkLoadingPlugin
<s> [webpack.Progress] 8% setup compilation WorkerPlugin
<s> [webpack.Progress] 8% setup compilation SplitChunksPlugin
<s> [webpack.Progress] 8% setup compilation RuntimeChunkPlugin
<s> [webpack.Progress] 8% setup compilation ResolverCachePlugin
<s> [webpack.Progress] 8% setup compilation
<s> [webpack.Progress] 9% setup compilation
<s> [webpack.Progress] 9% setup compilation DefinePlugin
<s> [webpack.Progress] 9% setup compilation ProvidePlugin
<s> [webpack.Progress] 9% setup compilation HotModuleReplacementPlugin
<s> [webpack.Progress] 9% setup compilation ProgressPlugin
<s> [webpack.Progress] 9% setup compilation vue-loader-plugin
<s> [webpack.Progress] 9% setup compilation DefinePlugin
<s> [webpack.Progress] 9% setup compilation ExternalsPlugin
<s> [webpack.Progress] 9% setup compilation ExternalsPlugin
<s> [webpack.Progress] 9% setup compilation ChunkPrefetchPreloadPlugin
<s> [webpack.Progress] 9% setup compilation ModuleInfoHeaderPlugin
<s> [webpack.Progress] 9% setup compilation SourceMapDevToolPlugin
<s> [webpack.Progress] 9% setup compilation JavascriptModulesPlugin
<s> [webpack.Progress] 9% setup compilation JsonModulesPlugin
<s> [webpack.Progress] 9% setup compilation AssetModulesPlugin
<s> [webpack.Progress] 9% setup compilation EntryPlugin
<s> [webpack.Progress] 9% setup compilation EntryPlugin
<s> [webpack.Progress] 9% setup compilation RuntimePlugin
<s> [webpack.Progress] 9% setup compilation InferAsyncModulesPlugin
<s> [webpack.Progress] 9% setup compilation DataUriPlugin
<s> [webpack.Progress] 9% setup compilation FileUriPlugin
<s> [webpack.Progress] 9% setup compilation CompatibilityPlugin
<s> [webpack.Progress] 9% setup compilation HarmonyModulesPlugin
<s> [webpack.Progress] 9% setup compilation AMDPlugin
<s> [webpack.Progress] 9% setup compilation RequireJsStuffPlugin
<s> [webpack.Progress] 9% setup compilation CommonJsPlugin
<s> [webpack.Progress] 9% setup compilation LoaderPlugin
<s> [webpack.Progress] 9% setup compilation LoaderPlugin
<s> [webpack.Progress] 9% setup compilation NodeStuffPlugin
<s> [webpack.Progress] 9% setup compilation APIPlugin
<s> [webpack.Progress] 9% setup compilation ExportsInfoApiPlugin
<s> [webpack.Progress] 9% setup compilation WebpackIsIncludedPlugin
<s> [webpack.Progress] 9% setup compilation ConstPlugin
<s> [webpack.Progress] 9% setup compilation UseStrictPlugin
<s> [webpack.Progress] 9% setup compilation RequireIncludePlugin
<s> [webpack.Progress] 9% setup compilation RequireEnsurePlugin
<s> [webpack.Progress] 9% setup compilation RequireContextPlugin
<s> [webpack.Progress] 9% setup compilation ImportPlugin
<s> [webpack.Progress] 9% setup compilation ImportMetaContextPlugin
<s> [webpack.Progress] 9% setup compilation SystemPlugin
<s> [webpack.Progress] 9% setup compilation ImportMetaPlugin
<s> [webpack.Progress] 9% setup compilation URLPlugin
<s> [webpack.Progress] 9% setup compilation DefaultStatsFactoryPlugin
<s> [webpack.Progress] 9% setup compilation DefaultStatsPresetPlugin
<s> [webpack.Progress] 9% setup compilation DefaultStatsPrinterPlugin
<s> [webpack.Progress] 9% setup compilation JavascriptMetaInfoPlugin
<s> [webpack.Progress] 9% setup compilation EnsureChunkConditionsPlugin
<s> [webpack.Progress] 9% setup compilation RemoveEmptyChunksPlugin
<s> [webpack.Progress] 9% setup compilation MergeDuplicateChunksPlugin
<s> [webpack.Progress] 9% setup compilation SideEffectsFlagPlugin
<s> [webpack.Progress] 9% setup compilation FlagDependencyExportsPlugin
<s> [webpack.Progress] 9% setup compilation NamedModuleIdsPlugin
<s> [webpack.Progress] 9% setup compilation NamedChunkIdsPlugin
<s> [webpack.Progress] 9% setup compilation DefinePlugin
<s> [webpack.Progress] 9% setup compilation TemplatedPathPlugin
<s> [webpack.Progress] 9% setup compilation RecordIdsPlugin
<s> [webpack.Progress] 9% setup compilation WarnCaseSensitiveModulesPlugin
<s> [webpack.Progress] 9% setup compilation IgnoreWarningsPlugin
<s> [webpack.Progress] 9% setup compilation ProgressPlugin
<s> [webpack.Progress] 9% setup compilation
<s> [webpack.Progress] 10% building
<s> [webpack.Progress] 10% building 0/1 entries 0/0 dependencies 0/0 modules
<s> [webpack.Progress] 14% building 1/2 entries 36/36 dependencies 84/14 modules
<s> [webpack.Progress] 65% building 2/2 entries 1673/1673 dependencies 1437/929 modules
<s> [webpack.Progress] 65% building
<s> [webpack.Progress] 69% building finish
<s> [webpack.Progress] 69% building finish
<s> [webpack.Progress] 70% sealing finish module graph
<s> [webpack.Progress] 70% sealing finish module graph ResolverCachePlugin
<s> [webpack.Progress] 70% sealing finish module graph InferAsyncModulesPlugin
<s> [webpack.Progress] 70% sealing finish module graph FlagDependencyExportsPlugin
<s> [webpack.Progress] 70% sealing finish module graph
<s> [webpack.Progress] 70% sealing plugins
<s> [webpack.Progress] 70% sealing plugins WarnCaseSensitiveModulesPlugin
<s> [webpack.Progress] 70% sealing plugins
<s> [webpack.Progress] 71% sealing dependencies optimization
<s> [webpack.Progress] 71% sealing dependencies optimization SideEffectsFlagPlugin
<s> [webpack.Progress] 71% sealing dependencies optimization
<s> [webpack.Progress] 71% sealing after dependencies optimization
<s> [webpack.Progress] 71% sealing after dependencies optimization
<s> [webpack.Progress] 72% sealing chunk graph
<s> [webpack.Progress] 72% sealing chunk graph
<s> [webpack.Progress] 73% sealing after chunk graph
<s> [webpack.Progress] 73% sealing after chunk graph
<s> [webpack.Progress] 73% sealing optimizing
<s> [webpack.Progress] 73% sealing optimizing
<s> [webpack.Progress] 74% sealing module optimization
<s> [webpack.Progress] 74% sealing module optimization
<s> [webpack.Progress] 75% sealing after module optimization
<s> [webpack.Progress] 75% sealing after module optimization
<s> [webpack.Progress] 75% sealing chunk optimization
<s> [webpack.Progress] 75% sealing chunk optimization EnsureChunkConditionsPlugin
<s> [webpack.Progress] 75% sealing chunk optimization RemoveEmptyChunksPlugin
<s> [webpack.Progress] 75% sealing chunk optimization MergeDuplicateChunksPlugin
<s> [webpack.Progress] 75% sealing chunk optimization SplitChunksPlugin
<s> [webpack.Progress] 75% sealing chunk optimization RemoveEmptyChunksPlugin
<s> [webpack.Progress] 75% sealing chunk optimization
<s> [webpack.Progress] 76% sealing after chunk optimization
<s> [webpack.Progress] 76% sealing after chunk optimization
<s> [webpack.Progress] 77% sealing module and chunk tree optimization
<s> [webpack.Progress] 77% sealing module and chunk tree optimization PersistentChildCompilerSingletonPlugin
<s> [webpack.Progress] 77% sealing module and chunk tree optimization
<s> [webpack.Progress] 77% sealing after module and chunk tree optimization
<s> [webpack.Progress] 77% sealing after module and chunk tree optimization
<s> [webpack.Progress] 78% sealing chunk modules optimization
<s> [webpack.Progress] 78% sealing chunk modules optimization
<s> [webpack.Progress] 78% sealing after chunk modules optimization
<s> [webpack.Progress] 78% sealing after chunk modules optimization
<s> [webpack.Progress] 79% sealing module reviving
<s> [webpack.Progress] 79% sealing module reviving RecordIdsPlugin
<s> [webpack.Progress] 79% sealing module reviving
<s> [webpack.Progress] 80% sealing before module ids
<s> [webpack.Progress] 80% sealing before module ids
<s> [webpack.Progress] 80% sealing module ids
<s> [webpack.Progress] 80% sealing module ids NamedModuleIdsPlugin
<s> [webpack.Progress] 80% sealing module ids
<s> [webpack.Progress] 81% sealing module id optimization
<s> [webpack.Progress] 81% sealing module id optimization
<s> [webpack.Progress] 82% sealing module id optimization
<s> [webpack.Progress] 82% sealing module id optimization
<s> [webpack.Progress] 82% sealing chunk reviving
<s> [webpack.Progress] 82% sealing chunk reviving RecordIdsPlugin
<s> [webpack.Progress] 82% sealing chunk reviving
<s> [webpack.Progress] 83% sealing before chunk ids
<s> [webpack.Progress] 83% sealing before chunk ids
<s> [webpack.Progress] 84% sealing chunk ids
<s> [webpack.Progress] 84% sealing chunk ids NamedChunkIdsPlugin
<s> [webpack.Progress] 84% sealing chunk ids
<s> [webpack.Progress] 84% sealing chunk id optimization
<s> [webpack.Progress] 84% sealing chunk id optimization
<s> [webpack.Progress] 85% sealing after chunk id optimization
<s> [webpack.Progress] 85% sealing after chunk id optimization
<s> [webpack.Progress] 86% sealing record modules
<s> [webpack.Progress] 86% sealing record modules RecordIdsPlugin
<s> [webpack.Progress] 86% sealing record modules
<s> [webpack.Progress] 86% sealing record chunks
<s> [webpack.Progress] 86% sealing record chunks RecordIdsPlugin
<s> [webpack.Progress] 86% sealing record chunks
<s> [webpack.Progress] 87% sealing module hashing
<s> [webpack.Progress] 87% sealing module hashing
<s> [webpack.Progress] 87% sealing code generation
<s> [webpack.Progress] 87% sealing code generation
<s> [webpack.Progress] 88% sealing runtime requirements
<s> [webpack.Progress] 88% sealing runtime requirements
<s> [webpack.Progress] 89% sealing hashing
<s> [webpack.Progress] 89% sealing hashing
<s> [webpack.Progress] 89% sealing after hashing
<s> [webpack.Progress] 89% sealing after hashing
<s> [webpack.Progress] 90% sealing record hash
<s> [webpack.Progress] 90% sealing record hash
<s> [webpack.Progress] 91% sealing module assets processing
<s> [webpack.Progress] 91% sealing module assets processing
<s> [webpack.Progress] 91% sealing chunk assets processing
<s> [webpack.Progress] 91% sealing chunk assets processing
<s> [webpack.Progress] 92% sealing asset processing
<s> [webpack.Progress] 92% sealing asset processing HotModuleReplacementPlugin
<s> [webpack.Progress] 92% sealing asset processing PersistentChildCompilerSingletonPlugin
<s> [webpack.Progress] 92% sealing asset processing SourceMapDevToolPlugin
<s> [webpack.Progress] 92% sealing asset processing HtmlWebpackPlugin
<s> [webpack.Progress] 92% sealing asset processing
<s> [webpack.Progress] 93% sealing after asset optimization
<s> [webpack.Progress] 93% sealing after asset optimization
<s> [webpack.Progress] 93% sealing recording
<s> [webpack.Progress] 93% sealing recording HotModuleReplacementPlugin
<s> [webpack.Progress] 93% sealing recording
<s> [webpack.Progress] 94% sealing after seal
<s> [webpack.Progress] 94% sealing after seal
<s> [webpack.Progress] 95% emitting emit
<s> [webpack.Progress] 95% emitting emit DevMiddleware
<s> [webpack.Progress] 95% emitting emit
<s> [webpack.Progress] 98% emitting after emit
<s> [webpack.Progress] 98% emitting after emit SizeLimitsPlugin
<s> [webpack.Progress] 98% emitting after emit
<s> [webpack.Progress] 99% done plugins
<s> [webpack.Progress] 99% done plugins CaseSensitivePathsPlugin
<s> [webpack.Progress] 99% done plugins webpack-dev-middleware
<s> [webpack.Progress] 99% done plugins webpack-hot-middleware
<s> [webpack.Progress] 99% done plugins
<s> [webpack.Progress] 99% 

<s> [webpack.Progress] 99% cache store build dependencies
<s> [webpack.Progress] 99% cache store build dependencies
<s> [webpack.Progress] 99% cache begin idle
<s> [webpack.Progress] 99% cache begin idle
<s> [webpack.Progress] 100% 

npm error Lifecycle script `storybook` failed with error:
npm error code 1
npm error path C:\Users\webon\OneDrive\Pulpit\projects\GUNB\ui-components\packages\storybook\vue
npm error workspace @peaui/storybook-vue@1.0.0
npm error location C:\Users\webon\OneDrive\Pulpit\projects\GUNB\ui-components\packages\storybook\vue
npm error command failed
npm error command C:\WINDOWS\system32\cmd.exe /d /s /c cross-env BROWSER=none STORYBOOK_DISABLE_TELEMETRY=true storybook dev -p 6007
